uid,poverty_score
30_8_1,4.0
194_1_2,1.0
224_6_1,3.0
323_10_1,5.0
428_10_1,4.0
809_6_2,3.0
138_2_1,5.0
329_1_1,2.0
409_8_1,4.0
186_4_2,5.0
688_5_1,6.0
364_6_2,3.0
528_8_1,5.0
758_4_2,7.0
647_5_2,4.0
176_7_1,3.0
328_8_1,2.0
512_8_1,6.0
431_4_1,4.0
31_8_1,5.0
174_2_3,2.0
581_7_1,1.0
60_1_1,2.0
580_9_1,1.0
742_8_1,4.0
427_7_1,5.0
589_5_1,2.0
376_4_2,5.0
452_1_1,4.0
579_2_1,1.0
223_7_1,7.0
689_7_1,8.0
797_5_1,2.0
86_2_1,4.0
203_3_1,5.0
55_4_1,5.0
575_5_1,7.0
731_7_1,7.0
482_3_1,8.0
751_9_1,4.0
147_8_1,5.0
185_6_1,1.0
477_8_1,5.0
262_1_1,7.0
599_1_1,7.0
773_4_2,2.0
409_2_1,4.0
311_5_1,5.0
386_7_1,2.0
62_4_2,7.0
262_6_1,8.0
507_4_1,4.0
377_4_1,3.0
305_1_1,5.0
398_8_1,6.0
322_5_1,5.0
161_2_2,2.0
361_5_1,4.0
390_4_1,2.0
640_7_2,4.0
480_3_1,6.0
28_2_1,4.0
69_1_1,2.0
197_2_1,3.0
750_9_2,3.0
367_3_1,2.0
329_6_1,3.0
829_1_2,5.0
710_12_1,6.0
235_8_1,3.0
517_3_1,7.0
378_4_1,3.0
146_5_1,4.0
379_5_1,3.0
391_5_1,5.0
339_2_2,5.0
507_8_1,5.0
464_7_3,6.0
381_6_1,8.0
751_3_7,8.0
601_6_1,4.0
685_2_1,4.0
624_2_2,5.0
664_11_1,3.0
777_2_2,6.0
751_5_1,4.0
322_11_1,5.0
403_5_2,6.0
803_4_1,5.0
145_2_1,5.0
392_4_1,5.0
59_6_1,3.0
829_8_2,6.0
270_4_2,6.0
660_6_1,1.0
63_8_1,5.0
371_11_1,9.0
301_10_1,4.0
286_8_2,7.0
333_2_1,5.0
121_2_1,5.0
284_8_1,6.0
648_7_1,5.0
67_10_1,2.0
585_2_1,5.0
147_9_1,5.0
519_2_1,5.0
496_8_1,8.0
733_8_1,2.0
184_11_1,2.0
619_5_1,7.0
551_5_1,4.0
474_1_1,7.0
530_7_1,7.0
8_7_1,4.0
146_3_1,5.0
396_5_1,2.0
814_8_2,2.0
672_8_2,3.0
167_8_1,4.0
490_11_1,7.0
60_2_1,4.0
738_8_2,3.0
4_10_1,7.0
33_9_1,2.0
465_5_1,4.0
648_11_2,6.0
23_5_1,4.0
131_11_2,2.0
367_11_1,5.0
30_2_1,2.0
29_7_1,3.0
364_5_1,4.0
190_4_1,6.0
3_3_1,4.0
13_1_1,7.0
454_4_1,7.0
800_5_1,3.0
190_1_1,6.0
624_4_2,5.0
699_7_1,5.0
353_6_1,5.0
593_4_1,5.0
739_2_1,4.0
741_4_2,6.0
7_4_1,4.0
341_4_1,5.0
358_5_3,5.0
768_10_1,3.0
11_1_2,5.0
300_2_1,3.0
264_12_1,7.0
130_16_2,5.0
730_5_2,9.0
48_6_1,3.0
59_5_1,7.0
135_12_2,3.0
179_4_1,5.0
309_1_1,4.0
505_5_1,3.0
356_2_1,5.0
508_4_1,5.0
726_7_2,7.0
492_6_1,6.0
568_2_1,9.0
331_5_1,4.0
178_8_1,6.0
12_6_1,5.0
213_8_1,4.0
42_8_1,3.0
385_7_1,3.0
396_7_1,3.0
785_2_2,4.0
248_7_1,6.0
382_8_1,1.0
705_4_2,6.0
442_3_1,4.0
336_5_1,4.0
471_7_2,7.0
526_6_1,4.0
210_1_1,8.0
784_9_1,6.0
152_10_2,6.0
629_4_2,5.0
752_5_1,6.0
395_1_2,5.0
192_9_1,4.0
236_2_2,8.0
770_5_2,1.0
380_7_1,5.0
760_8_2,9.0
226_10_1,2.0
759_2_2,4.0
543_2_1,3.0
651_2_1,4.0
729_5_1,6.0
240_12_1,3.0
494_7_1,4.0
681_8_1,6.0
678_6_2,7.0
661_7_1,2.0
150_7_1,5.0
375_6_3,3.0
324_9_1,5.0
377_8_3,5.0
48_3_1,3.0
243_7_1,4.0
552_8_1,4.0
74_2_1,4.0
501_4_1,4.0
688_7_1,6.0
3_10_1,5.0
536_1_1,4.0
770_2_2,4.0
631_6_1,3.0
731_9_1,8.0
285_2_1,7.0
786_2_3,5.0
750_11_1,7.0
792_9_2,4.0
639_3_2,8.0
516_3_1,5.0
726_8_1,4.0
494_2_1,8.0
628_1_1,5.0
270_5_2,6.0
503_1_1,3.0
590_7_1,8.0
17_5_1,6.0
556_3_1,1.0
284_3_1,7.0
133_2_2,3.0
67_12_1,7.0
403_3_3,6.0
681_4_1,5.0
451_4_1,5.0
167_1_1,7.0
288_12_1,2.0
200_2_1,6.0
135_9_2,2.0
438_11_1,5.0
629_9_1,3.0
96_4_1,4.0
805_4_2,5.0
450_3_1,4.0
811_6_1,5.0
498_8_1,4.0
657_7_1,4.0
512_2_1,7.0
642_5_2,7.0
764_2_2,4.0
388_4_1,3.0
145_8_1,4.0
95_4_1,2.0
265_8_1,4.0
785_3_2,5.0
195_3_2,4.0
137_4_1,4.0
85_5_1,2.0
209_8_1,2.0
195_2_1,5.0
63_1_3,6.0
296_8_1,6.0
408_7_1,5.0
708_6_1,3.0
825_5_2,2.0
265_4_1,5.0
370_5_1,2.0
457_4_2,5.0
670_6_3,4.0
735_5_1,4.0
325_4_1,4.0
602_6_1,5.0
584_8_2,7.0
316_4_1,5.0
71_2_1,1.0
188_9_1,5.0
434_10_1,8.0
410_10_1,5.0
245_7_1,7.0
256_5_3,6.0
429_4_1,6.0
308_10_1,5.0
276_4_1,5.0
714_12_1,5.0
279_3_1,7.0
130_11_2,3.0
779_2_1,3.0
805_2_2,4.0
328_4_1,3.0
524_7_1,4.0
201_7_1,7.0
458_5_1,2.0
293_5_1,2.0
546_1_2,4.0
158_6_3,5.0
10_8_1,4.0
41_6_1,4.0
767_3_2,4.0
597_5_1,3.0
293_4_1,2.0
413_6_1,4.0
773_1_1,2.0
680_10_2,4.0
390_6_1,3.0
787_2_1,5.0
350_6_1,4.0
217_3_5,4.0
688_6_1,5.0
434_9_1,5.0
721_6_1,9.0
601_4_1,4.0
351_7_1,9.0
810_2_2,4.0
786_3_1,7.0
486_2_1,5.0
180_2_2,4.0
289_11_1,3.0
335_10_1,3.0
86_4_1,5.0
351_1_1,5.0
668_7_1,4.0
281_1_1,9.0
222_6_1,2.0
659_1_1,2.0
285_5_1,9.0
93_1_1,5.0
604_9_1,4.0
629_5_2,4.0
728_5_1,6.0
186_1_2,3.0
555_6_2,3.0
786_1_1,6.0
633_7_1,3.0
12_1_1,3.0
421_7_1,7.0
634_10_2,4.0
560_8_2,5.0
430_1_1,6.0
20_6_1,5.0
733_7_2,4.0
822_3_1,8.0
133_1_2,3.0
216_1_1,3.0
64_9_1,5.0
328_5_1,3.0
395_4_1,5.0
660_4_1,4.0
503_6_1,3.0
418_4_1,2.0
25_8_1,7.0
417_6_1,4.0
289_4_1,2.0
254_2_1,4.0
603_4_1,2.0
368_11_4,3.0
639_6_4,7.0
717_11_1,4.0
135_4_2,3.0
681_9_1,5.0
764_1_2,6.0
60_5_1,3.0
50_3_1,2.0
288_9_1,3.0
361_4_1,5.0
383_4_1,4.0
490_10_2,7.0
573_4_2,4.0
549_5_1,4.0
95_5_1,3.0
654_6_1,3.0
221_6_1,2.0
393_1_6,4.0
740_5_2,1.0
521_1_1,5.0
539_5_1,7.0
253_11_1,7.0
128_8_1,7.0
101_1_1,5.0
680_2_1,4.0
702_11_3,6.0
738_6_2,7.0
443_2_1,1.0
194_2_3,2.0
131_10_2,4.0
153_9_1,6.0
379_6_1,4.0
323_7_1,7.0
27_1_1,3.0
420_11_1,4.0
434_7_1,3.0
628_4_2,5.0
558_9_1,5.0
790_6_1,3.0
716_7_1,8.0
785_1_2,5.0
807_9_1,2.0
751_8_1,4.0
131_4_2,3.0
761_10_1,5.0
435_9_1,5.0
762_11_3,6.0
678_2_2,4.0
744_1_2,2.0
728_8_1,5.0
322_6_1,5.0
445_8_2,8.0
409_4_1,4.0
203_10_1,3.0
308_3_1,5.0
634_2_1,6.0
437_6_1,5.0
228_5_1,1.0
755_5_2,1.0
415_2_1,5.0
672_4_1,3.0
79_2_1,3.0
205_1_1,6.0
144_1_1,3.0
51_2_1,6.0
178_6_1,4.0
701_7_1,4.0
707_9_2,8.0
783_4_1,8.0
186_6_1,2.0
500_7_1,4.0
117_7_1,6.0
649_3_1,6.0
208_11_1,2.0
828_2_1,6.0
758_8_1,6.0
416_5_1,4.0
797_4_1,4.0
358_4_1,3.0
425_7_1,5.0
451_1_1,7.0
195_8_2,4.0
470_7_1,3.0
400_8_1,3.0
710_9_1,5.0
749_3_2,5.0
359_2_1,4.0
193_10_2,3.0
150_1_1,6.0
95_1_1,3.0
165_4_1,3.0
198_3_2,4.0
669_8_2,4.0
315_3_1,4.0
193_3_1,8.0
638_8_1,8.0
170_3_1,8.0
560_7_1,4.0
188_3_1,7.0
668_4_1,4.0
93_9_1,5.0
570_8_1,5.0
430_5_1,2.0
338_3_1,6.0
41_3_1,3.0
303_3_1,2.0
172_3_2,5.0
667_3_1,3.0
90_1_1,6.0
5_7_1,4.0
685_1_1,6.0
593_8_1,6.0
300_9_1,5.0
38_1_1,1.0
694_6_1,6.0
493_4_1,7.0
772_7_2,2.0
77_5_1,3.0
591_8_1,1.0
381_8_1,5.0
437_5_1,4.0
102_5_1,3.0
88_1_1,5.0
89_3_1,5.0
570_7_2,5.0
832_11_1,6.0
68_4_1,4.0
138_8_1,7.0
708_1_1,1.0
817_4_1,4.0
240_10_1,3.0
156_5_1,2.0
621_9_1,5.0
123_11_2,4.0
369_2_2,4.0
125_3_1,6.0
834_7_1,5.0
389_5_1,4.0
246_11_1,8.0
776_7_1,6.0
189_4_1,4.0
770_9_1,1.0
685_8_1,6.0
718_3_1,5.0
621_5_1,5.0
576_5_8,4.0
630_9_1,3.0
400_7_1,4.0
786_9_2,4.0
305_2_1,3.0
443_9_1,7.0
59_2_1,6.0
69_7_1,2.0
771_2_2,2.0
44_6_1,4.0
492_5_1,5.0
667_4_1,2.0
178_5_1,7.0
695_3_1,4.0
166_4_1,5.0
827_9_1,4.0
20_7_1,3.0
44_12_1,4.0
821_4_2,8.0
708_4_1,2.0
753_2_1,8.0
92_6_1,7.0
315_7_1,4.0
746_2_3,5.0
609_4_1,4.0
790_9_2,4.0
712_8_2,7.0
614_5_1,5.0
168_6_2,6.0
302_6_1,4.0
149_6_2,5.0
444_8_1,8.0
774_10_2,4.0
21_8_1,1.0
584_1_1,6.0
686_2_2,8.0
385_10_1,4.0
631_7_2,2.0
309_3_1,2.0
391_3_1,4.0
289_1_1,1.0
286_9_2,3.0
811_1_2,6.0
182_7_1,5.0
196_7_1,5.0
578_1_1,6.0
96_6_2,4.0
238_2_2,4.0
478_6_1,5.0
472_10_1,7.0
47_6_1,3.0
592_10_1,5.0
540_3_2,3.0
39_5_3,3.0
489_7_1,7.0
375_7_2,3.0
827_10_2,8.0
330_8_1,2.0
797_6_1,5.0
437_1_1,4.0
770_7_2,2.0
359_6_1,4.0
267_8_1,5.0
443_5_1,9.0
547_1_1,6.0
275_7_1,2.0
189_8_2,4.0
106_3_1,5.0
802_1_2,4.0
291_5_4,5.0
301_5_1,4.0
233_4_1,5.0
41_4_1,4.0
32_2_1,5.0
255_4_1,4.0
266_7_1,6.0
669_3_1,4.0
251_4_1,2.0
360_7_2,4.0
636_1_2,6.0
485_7_1,3.0
521_10_1,5.0
750_7_1,6.0
12_4_3,3.0
382_1_3,10.0
40_7_1,4.0
135_5_2,6.0
208_4_1,2.0
436_1_1,4.0
708_11_1,5.0
454_8_1,3.0
180_10_2,6.0
777_8_1,3.0
533_2_1,3.0
120_8_1,3.0
715_7_1,5.0
325_7_1,1.0
188_4_1,3.0
522_8_1,5.0
148_6_1,5.0
405_8_1,6.0
496_2_1,7.0
206_4_1,8.0
254_8_1,5.0
420_6_1,4.0
693_6_1,3.0
34_2_2,5.0
547_3_1,4.0
453_6_1,3.0
624_1_1,5.0
535_5_1,5.0
306_3_1,2.0
783_1_1,8.0
406_2_1,6.0
2_8_1,7.0
337_7_1,3.0
476_4_1,2.0
102_4_1,3.0
2_2_1,2.0
688_12_1,5.0
171_1_4,7.0
42_5_1,3.0
273_9_1,4.0
384_1_1,3.0
412_3_1,7.0
430_10_1,4.0
310_4_1,5.0
317_12_1,4.0
285_1_1,7.0
168_5_2,5.0
513_7_1,8.0
559_5_1,6.0
279_4_1,9.0
643_6_5,7.0
580_4_1,1.0
170_1_2,7.0
78_7_1,3.0
518_11_1,3.0
506_5_1,7.0
826_4_1,8.0
498_5_1,3.0
172_8_2,7.0
704_5_4,6.0
212_8_3,7.0
790_8_2,6.0
275_1_1,4.0
822_10_1,6.0
805_5_2,6.0
105_2_1,3.0
498_3_1,6.0
397_1_1,6.0
25_5_1,1.0
624_7_1,5.0
179_6_1,4.0
374_3_2,4.0
451_9_1,4.0
55_1_1,6.0
377_5_4,2.0
237_4_1,4.0
578_5_1,6.0
415_3_1,3.0
385_8_1,3.0
139_6_1,6.0
396_8_1,4.0
11_5_1,5.0
831_1_2,4.0
153_4_1,2.0
776_8_1,5.0
54_3_1,5.0
590_9_1,6.0
178_1_1,6.0
323_4_1,5.0
757_2_1,5.0
523_2_1,4.0
76_5_1,4.0
489_8_2,2.0
642_7_1,4.0
538_1_1,6.0
104_5_1,4.0
531_5_1,5.0
621_2_1,6.0
697_7_1,6.0
24_2_2,4.0
256_11_1,6.0
824_7_1,6.0
285_6_1,7.0
614_9_1,5.0
478_2_1,4.0
639_1_1,5.0
654_5_1,3.0
61_7_2,6.0
447_5_2,8.0
611_9_1,2.0
426_6_1,7.0
780_4_1,4.0
472_2_1,5.0
501_8_1,5.0
694_4_3,7.0
808_6_1,5.0
177_11_2,6.0
132_3_2,6.0
29_5_1,3.0
433_5_1,9.0
480_12_1,3.0
345_1_1,4.0
532_2_1,3.0
419_9_1,8.0
169_4_2,7.0
493_7_1,7.0
515_8_2,5.0
527_1_1,5.0
182_5_1,3.0
353_7_1,4.0
676_6_2,5.0
607_7_1,1.0
461_8_1,4.0
246_8_1,4.0
388_1_1,4.0
647_7_1,4.0
492_7_1,7.0
32_8_1,5.0
660_3_1,2.0
507_5_1,4.0
226_2_1,1.0
28_6_1,3.0
675_10_2,6.0
530_10_1,6.0
9_2_2,5.0
604_6_1,4.0
792_8_1,4.0
314_7_1,5.0
785_7_1,6.0
803_5_1,5.0
356_4_1,4.0
805_6_2,2.0
150_11_1,6.0
607_6_1,4.0
604_3_1,3.0
311_12_1,5.0
207_5_1,5.0
685_3_1,5.0
643_7_2,7.0
610_8_1,3.0
503_5_1,4.0
324_3_1,5.0
301_9_1,4.0
377_6_1,2.0
207_3_1,7.0
413_5_1,6.0
48_1_1,3.0
68_12_1,4.0
150_4_1,8.0
270_9_2,6.0
37_4_1,3.0
600_3_1,7.0
483_9_2,8.0
443_1_1,5.0
345_11_1,3.0
23_3_1,3.0
786_6_3,7.0
757_4_3,3.0
629_6_1,3.0
404_5_1,5.0
832_8_1,5.0
63_6_2,7.0
643_4_2,7.0
595_8_1,6.0
355_3_1,4.0
200_9_1,2.0
94_4_1,4.0
772_3_1,3.0
189_6_1,6.0
109_2_2,3.0
521_6_1,6.0
392_3_1,5.0
771_8_1,5.0
649_9_1,5.0
316_1_1,5.0
231_5_1,6.0
653_3_1,4.0
22_1_1,2.0
763_5_1,2.0
550_5_1,2.0
714_6_1,4.0
136_6_1,3.0
100_8_1,5.0
349_5_2,4.0
40_8_1,2.0
667_1_1,2.0
565_4_1,6.0
552_5_1,3.0
31_6_1,4.0
414_3_1,5.0
820_10_2,7.0
819_4_2,5.0
64_3_1,5.0
171_5_2,6.0
385_12_1,3.0
28_1_1,4.0
399_3_1,3.0
536_6_1,6.0
528_7_1,5.0
351_4_1,2.0
209_6_1,3.0
387_3_1,3.0
765_3_2,5.0
237_1_2,5.0
195_11_2,1.0
687_1_4,7.0
163_2_1,6.0
387_8_1,3.0
42_6_1,3.0
581_9_1,1.0
477_2_1,4.0
833_8_2,7.0
362_1_2,3.0
485_5_1,4.0
781_1_1,4.0
411_7_1,5.0
369_4_1,4.0
94_3_1,2.0
415_5_1,8.0
519_6_1,5.0
269_7_1,4.0
696_6_1,6.0
423_1_1,5.0
55_6_1,5.0
44_8_1,1.0
446_2_1,7.0
280_3_1,7.0
738_5_2,6.0
416_8_1,6.0
669_6_2,1.0
574_5_1,4.0
653_6_1,3.0
33_4_1,3.0
241_3_1,4.0
587_3_2,7.0
480_6_1,4.0
456_4_1,8.0
700_10_3,7.0
756_6_1,5.0
508_6_1,7.0
148_1_1,3.0
75_8_1,3.0
734_8_1,8.0
6_8_1,3.0
358_8_1,4.0
337_3_1,5.0
425_2_1,2.0
530_9_1,6.0
754_4_1,4.0
41_5_1,4.0
287_3_1,7.0
690_8_1,5.0
400_5_1,4.0
798_5_2,5.0
440_5_1,6.0
408_3_1,3.0
464_4_1,5.0
786_7_3,5.0
29_8_1,2.0
73_1_1,6.0
649_4_1,5.0
319_8_1,5.0
250_4_1,3.0
56_11_1,6.0
660_1_1,1.0
54_4_1,5.0
125_7_1,1.0
101_6_1,5.0
816_7_2,7.0
52_3_1,7.0
6_3_2,5.0
686_1_1,5.0
763_2_1,6.0
465_9_1,3.0
697_5_2,6.0
349_7_2,3.0
489_5_2,7.0
460_1_1,7.0
737_5_1,6.0
769_9_2,3.0
130_4_2,7.0
3_5_1,4.0
551_8_1,6.0
443_7_1,4.0
515_3_1,4.0
486_1_1,5.0
79_3_1,4.0
236_8_2,5.0
488_8_1,3.0
175_7_4,5.0
25_9_1,6.0
253_5_1,3.0
635_10_1,2.0
778_2_1,5.0
218_2_1,3.0
452_7_2,4.0
7_5_1,3.0
816_6_1,5.0
676_2_1,6.0
140_4_1,5.0
652_3_1,3.0
504_8_1,2.0
799_4_2,2.0
153_7_1,6.0
13_7_1,6.0
457_6_1,7.0
708_2_1,3.0
723_1_1,4.0
791_9_1,7.0
696_12_1,6.0
209_7_1,8.0
78_5_1,6.0
346_1_1,3.0
662_6_1,3.0
233_6_1,4.0
520_2_1,6.0
550_8_3,3.0
782_6_1,6.0
217_4_5,4.0
647_2_1,3.0
85_1_1,4.0
563_6_1,5.0
620_5_1,5.0
598_1_1,4.0
662_7_1,2.0
832_9_2,6.0
234_10_2,5.0
89_2_1,5.0
158_8_1,5.0
138_11_1,5.0
176_1_1,5.0
382_4_2,4.0
474_9_2,7.0
321_1_1,1.0
246_9_1,4.0
126_6_1,5.0
366_12_1,6.0
202_5_1,4.0
66_11_3,7.0
439_4_2,5.0
152_6_2,6.0
691_4_1,5.0
623_9_1,7.0
71_6_1,5.0
789_7_1,4.0
74_3_1,3.0
717_7_1,5.0
392_6_1,3.0
811_9_1,5.0
122_4_1,5.0
722_10_2,7.0
213_7_1,5.0
361_1_1,5.0
409_7_1,4.0
92_3_1,5.0
257_10_1,3.0
511_8_1,6.0
645_11_2,5.0
769_7_2,6.0
470_8_2,2.0
52_1_1,6.0
783_7_1,7.0
41_7_1,3.0
342_2_1,4.0
813_10_2,4.0
718_6_2,5.0
37_3_1,5.0
464_8_1,5.0
421_2_1,6.0
403_8_3,7.0
627_3_5,3.0
266_2_1,4.0
766_4_2,3.0
253_7_1,4.0
589_11_1,1.0
478_7_1,5.0
399_6_1,1.0
739_8_1,3.0
318_7_1,4.0
363_1_2,3.0
793_1_2,7.0
109_1_1,5.0
296_12_1,6.0
705_12_1,6.0
360_6_1,2.0
497_5_1,6.0
543_1_1,3.0
246_7_1,6.0
726_1_2,6.0
47_4_1,4.0
434_3_1,6.0
675_9_1,5.0
725_7_1,5.0
442_1_1,6.0
126_3_1,4.0
577_8_2,5.0
609_3_1,5.0
539_3_1,7.0
650_5_1,4.0
684_5_1,5.0
615_5_1,6.0
167_3_1,4.0
729_9_2,5.0
299_8_1,1.0
605_10_1,4.0
437_9_1,4.0
506_3_1,7.0
572_5_1,8.0
578_3_1,7.0
566_8_1,4.0
755_3_2,2.0
170_6_1,5.0
295_1_1,6.0
447_4_2,8.0
93_8_1,4.0
754_5_2,4.0
599_4_1,8.0
196_3_1,5.0
181_9_1,2.0
310_2_1,6.0
144_8_2,4.0
235_1_2,5.0
16_3_1,6.0
60_8_1,8.0
236_3_1,5.0
305_8_1,5.0
184_5_1,1.0
332_7_1,5.0
540_8_1,2.0
118_7_2,4.0
609_12_1,5.0
55_8_1,7.0
478_5_1,4.0
769_2_2,2.0
805_9_2,5.0
522_3_1,6.0
426_8_1,5.0
485_8_1,4.0
176_9_2,3.0
547_4_2,4.0
284_1_1,8.0
576_2_1,4.0
35_8_1,5.0
241_7_1,5.0
156_3_4,5.0
476_1_1,3.0
719_12_1,8.0
444_1_1,7.0
361_9_1,6.0
649_2_1,5.0
758_6_1,6.0
73_2_1,4.0
8_5_2,6.0
99_4_1,5.0
273_8_1,5.0
697_4_1,6.0
498_4_1,6.0
808_1_1,4.0
148_8_1,7.0
186_8_1,3.0
765_4_1,7.0
477_3_2,4.0
345_4_1,4.0
479_2_4,7.0
294_3_2,2.0
53_5_1,5.0
581_3_1,1.0
70_2_1,2.0
773_5_3,1.0
792_4_1,5.0
222_1_1,3.0
194_7_2,4.0
535_4_2,3.0
376_5_4,6.0
402_5_2,5.0
813_3_2,4.0
247_11_1,4.0
187_1_2,3.0
23_7_1,3.0
527_7_1,5.0
100_3_1,4.0
596_6_1,4.0
736_3_2,9.0
430_6_1,3.0
517_2_1,6.0
376_8_1,2.0
603_1_1,7.0
67_4_1,4.0
89_7_1,6.0
758_7_2,5.0
727_3_2,5.0
701_11_2,6.0
389_1_1,4.0
495_5_1,4.0
114_6_1,6.0
325_2_1,3.0
706_12_3,9.0
405_5_2,7.0
490_3_1,7.0
432_5_1,7.0
567_5_1,6.0
116_10_1,6.0
276_10_1,4.0
659_8_1,1.0
2_9_1,2.0
754_1_1,3.0
40_4_1,4.0
271_9_2,5.0
592_4_2,6.0
646_1_1,4.0
562_5_1,5.0
172_4_1,6.0
549_4_1,7.0
747_3_3,4.0
276_1_1,3.0
693_3_1,4.0
603_3_1,5.0
516_1_1,4.0
288_8_1,2.0
510_4_1,6.0
674_3_1,3.0
666_7_1,2.0
617_1_2,6.0
406_8_2,7.0
609_9_1,4.0
789_6_1,5.0
791_2_1,5.0
779_4_1,5.0
130_1_2,6.0
534_8_1,4.0
641_7_1,7.0
346_5_2,4.0
319_1_1,4.0
127_4_1,6.0
545_1_2,1.0
306_1_1,6.0
87_4_1,7.0
67_9_1,4.0
589_9_1,1.0
765_2_1,5.0
82_6_1,4.0
5_3_1,3.0
538_2_1,6.0
6_7_1,4.0
660_5_1,1.0
737_6_2,6.0
121_9_3,4.0
216_2_1,4.0
218_5_1,1.0
247_9_1,3.0
781_6_1,1.0
611_2_1,4.0
489_3_1,7.0
621_3_1,6.0
658_6_1,1.0
4_4_1,8.0
402_1_4,9.0
8_9_1,3.0
131_6_1,4.0
737_2_1,4.0
516_8_1,5.0
29_4_1,3.0
532_6_1,7.0
521_2_1,7.0
355_6_1,5.0
505_10_1,3.0
122_2_1,5.0
544_7_1,6.0
202_10_1,7.0
150_9_1,6.0
339_4_2,5.0
192_7_1,3.0
412_4_1,4.0
741_6_1,6.0
720_6_1,7.0
813_1_2,3.0
221_1_3,2.0
176_8_3,7.0
623_1_1,7.0
32_6_1,5.0
414_4_1,6.0
538_7_1,4.0
720_7_1,8.0
573_7_2,5.0
368_8_1,2.0
350_5_1,4.0
200_5_1,5.0
670_2_2,3.0
172_7_1,7.0
614_2_1,5.0
439_2_1,4.0
625_4_1,3.0
81_2_1,5.0
401_8_1,3.0
658_1_1,2.0
38_2_1,3.0
38_9_1,2.0
359_3_1,5.0
371_6_1,3.0
396_3_1,3.0
201_1_1,7.0
318_10_1,3.0
82_9_1,3.0
166_2_1,3.0
473_11_1,4.0
621_6_1,6.0
31_1_1,5.0
98_9_1,3.0
128_3_1,3.0
265_7_1,5.0
123_3_2,4.0
234_4_1,1.0
287_6_4,5.0
766_1_2,4.0
33_2_1,5.0
112_10_1,4.0
180_7_2,4.0
672_1_1,4.0
630_5_2,3.0
721_4_1,6.0
794_1_1,5.0
219_4_1,5.0
336_6_1,4.0
175_2_1,1.0
280_2_1,6.0
631_4_2,3.0
177_5_2,4.0
571_2_1,5.0
273_3_1,6.0
452_6_1,3.0
282_3_1,8.0
357_1_2,4.0
659_5_1,1.0
469_8_1,3.0
178_4_1,7.0
184_6_1,5.0
540_4_1,7.0
137_6_1,5.0
767_7_1,1.0
16_5_1,2.0
374_2_2,7.0
724_8_1,9.0
501_3_1,4.0
762_1_1,4.0
417_2_1,2.0
537_2_1,3.0
75_7_1,3.0
10_4_1,4.0
726_11_1,5.0
775_3_2,5.0
242_9_1,6.0
447_8_2,8.0
315_6_1,4.0
19_6_1,4.0
398_3_1,3.0
57_7_1,5.0
708_5_1,2.0
633_10_1,2.0
512_9_1,7.0
102_1_1,4.0
725_10_2,5.0
426_4_1,5.0
140_8_1,6.0
102_3_1,5.0
142_2_1,6.0
105_3_1,4.0
421_3_1,5.0
641_4_1,4.0
798_2_2,6.0
195_9_1,5.0
155_4_1,5.0
154_2_2,4.0
177_4_1,7.0
510_1_1,6.0
602_9_1,5.0
354_8_1,4.0
225_5_1,5.0
583_9_1,6.0
230_5_2,3.0
129_6_1,5.0
695_8_1,4.0
234_1_2,5.0
44_10_1,2.0
226_8_2,3.0
83_7_1,4.0
22_5_1,2.0
282_5_1,8.0
824_3_3,8.0
53_7_1,6.0
322_4_1,5.0
281_8_1,5.0
111_3_1,6.0
484_11_1,8.0
157_8_1,2.0
735_4_1,4.0
239_2_2,4.0
693_4_1,5.0
340_8_1,4.0
13_8_2,5.0
685_7_1,6.0
311_8_1,4.0
626_6_2,5.0
809_3_2,7.0
220_5_1,4.0
351_3_1,8.0
361_10_1,5.0
615_3_1,6.0
17_8_2,5.0
535_2_1,4.0
424_7_1,3.0
824_5_1,5.0
749_10_1,5.0
642_2_1,4.0
401_6_1,3.0
264_7_1,3.0
830_8_2,5.0
307_11_1,6.0
177_9_1,4.0
303_1_1,4.0
101_8_1,6.0
58_8_1,7.0
110_9_3,6.0
820_11_1,5.0
759_1_2,4.0
627_5_1,1.0
506_8_1,7.0
737_1_2,4.0
100_9_1,4.0
45_4_1,4.0
786_8_1,7.0
135_2_2,6.0
290_4_1,2.0
19_1_1,4.0
48_5_1,5.0
386_2_1,3.0
515_2_1,4.0
16_2_2,5.0
306_9_1,5.0
53_3_1,6.0
579_6_1,2.0
657_1_1,3.0
474_3_1,6.0
820_8_1,8.0
642_4_2,6.0
70_4_1,4.0
203_1_1,6.0
394_11_1,4.0
655_4_1,1.0
594_3_1,7.0
160_1_1,4.0
781_7_1,3.0
565_7_1,7.0
761_11_1,5.0
809_1_1,5.0
651_7_1,2.0
472_4_1,8.0
703_8_2,3.0
208_1_1,5.0
553_2_1,2.0
367_6_1,6.0
353_1_1,4.0
233_5_1,2.0
468_6_2,7.0
213_4_1,8.0
230_1_4,4.0
362_7_1,5.0
734_12_1,7.0
159_5_1,5.0
52_7_1,7.0
494_4_1,6.0
82_8_1,4.0
737_8_1,1.0
238_7_2,5.0
673_8_2,4.0
394_7_1,2.0
483_1_3,9.0
272_8_1,5.0
74_7_1,3.0
324_4_1,6.0
424_2_2,3.0
323_6_1,4.0
729_2_2,7.0
435_5_1,5.0
578_6_1,6.0
88_6_2,5.0
484_12_1,8.0
332_4_1,2.0
534_7_1,3.0
85_6_1,3.0
486_8_1,4.0
646_11_1,3.0
289_2_1,2.0
623_3_1,6.0
771_1_1,4.0
626_7_4,4.0
246_3_1,4.0
732_7_1,7.0
14_8_1,5.0
332_1_1,6.0
357_4_1,2.0
360_3_1,3.0
710_8_1,8.0
547_5_1,6.0
662_3_1,2.0
279_7_1,4.0
571_4_1,8.0
683_12_1,4.0
691_1_2,4.0
766_2_2,2.0
271_7_2,5.0
490_7_2,7.0
487_6_1,3.0
424_5_2,4.0
615_7_1,6.0
325_9_1,4.0
14_5_2,4.0
4_8_1,3.0
374_4_2,4.0
230_9_1,3.0
94_8_1,3.0
74_1_1,3.0
153_5_1,6.0
292_2_2,2.0
421_4_1,5.0
323_3_1,3.0
231_1_1,6.0
69_5_1,4.0
645_9_1,8.0
333_11_1,5.0
776_2_1,2.0
813_6_2,2.0
775_2_2,4.0
804_1_2,6.0
816_3_1,6.0
810_5_1,4.0
702_4_1,5.0
218_6_1,4.0
255_8_1,6.0
793_4_1,6.0
197_8_3,7.0
526_7_1,5.0
600_1_1,8.0
202_1_1,5.0
217_1_2,3.0
519_7_1,6.0
12_3_1,2.0
203_2_1,6.0
513_8_1,8.0
203_5_1,6.0
596_4_1,5.0
500_5_1,3.0
79_1_1,3.0
9_6_2,3.0
112_2_1,10.0
465_10_1,3.0
632_7_1,4.0
537_4_1,5.0
679_5_2,4.0
234_9_2,4.0
263_1_1,6.0
119_4_1,1.0
110_7_1,5.0
583_4_3,7.0
778_8_1,4.0
37_6_1,2.0
828_5_2,6.0
56_8_1,6.0
701_5_2,5.0
564_5_1,7.0
815_4_1,4.0
700_7_1,5.0
700_2_3,6.0
637_4_2,6.0
473_9_1,4.0
679_2_2,5.0
582_6_2,7.0
46_10_1,3.0
540_6_1,5.0
788_6_1,4.0
216_7_1,5.0
711_3_1,5.0
764_8_1,6.0
579_11_1,1.0
702_5_1,5.0
366_3_1,4.0
267_7_1,5.0
358_1_1,4.0
791_6_1,6.0
149_4_1,4.0
579_5_1,1.0
732_3_1,9.0
312_3_1,6.0
303_5_1,5.0
633_8_2,2.0
816_4_1,6.0
19_9_1,3.0
555_7_1,5.0
130_2_1,5.0
173_11_1,7.0
115_8_2,8.0
164_2_1,1.0
237_6_3,4.0
695_5_1,4.0
590_3_1,8.0
64_6_1,5.0
348_1_1,4.0
597_2_1,6.0
294_5_1,8.0
479_7_1,4.0
94_5_1,7.0
670_4_1,4.0
415_10_1,6.0
370_2_1,2.0
164_7_1,7.0
713_2_1,5.0
544_12_1,4.0
372_10_4,2.0
444_3_2,8.0
717_5_2,6.0
441_2_3,4.0
603_6_1,5.0
764_11_2,7.0
59_8_1,4.0
462_5_1,3.0
580_1_1,1.0
220_4_1,5.0
544_6_1,2.0
796_1_1,5.0
425_3_1,2.0
113_1_1,8.0
631_3_1,2.0
568_1_1,5.0
32_5_1,3.0
152_3_1,5.0
801_8_1,5.0
774_8_2,2.0
363_6_1,3.0
335_8_1,4.0
397_4_1,5.0
142_1_1,6.0
322_7_1,5.0
529_11_1,4.0
545_3_1,1.0
733_10_1,1.0
8_2_2,5.0
166_3_1,4.0
492_1_2,6.0
696_3_1,3.0
829_6_2,5.0
720_8_1,6.0
37_5_1,5.0
143_9_1,4.0
365_6_3,3.0
402_4_1,6.0
147_3_1,5.0
377_2_1,6.0
684_11_1,6.0
375_8_2,8.0
699_1_1,6.0
661_6_1,1.0
136_9_1,2.0
309_2_1,4.0
600_4_1,9.0
147_6_1,5.0
703_7_2,4.0
467_9_1,3.0
265_2_1,5.0
334_1_1,6.0
219_5_2,8.0
527_3_1,6.0
719_1_1,8.0
258_5_1,7.0
799_5_1,4.0
347_4_1,4.0
77_7_1,4.0
278_1_1,2.0
479_4_1,5.0
402_8_2,7.0
179_10_1,6.0
651_5_1,3.0
751_7_2,8.0
64_2_1,6.0
52_8_1,6.0
700_8_2,5.0
35_1_1,6.0
328_3_1,2.0
768_6_2,3.0
512_5_1,6.0
704_2_2,3.0
697_2_1,2.0
272_2_1,4.0
14_4_1,7.0
169_2_4,8.0
234_12_2,2.0
830_3_2,5.0
369_1_1,2.0
733_4_2,1.0
120_1_1,2.0
478_3_1,5.0
632_4_1,3.0
706_5_1,7.0
189_1_1,5.0
821_1_1,5.0
724_10_1,8.0
233_11_1,6.0
645_6_1,7.0
363_5_1,4.0
129_1_1,3.0
329_8_1,3.0
290_8_1,2.0
279_1_1,7.0
53_1_1,5.0
240_6_1,5.0
264_2_1,5.0
728_9_1,6.0
71_5_1,7.0
60_7_1,6.0
331_7_1,7.0
608_4_1,3.0
151_4_1,7.0
154_1_3,4.0
18_7_1,7.0
240_1_1,3.0
564_6_1,6.0
222_8_1,2.0
279_6_1,2.0
687_10_3,5.0
789_2_1,4.0
76_6_1,3.0
150_5_1,5.0
582_1_2,8.0
298_3_1,5.0
408_2_2,4.0
677_6_2,5.0
63_2_2,7.0
214_5_2,8.0
614_4_2,3.0
816_1_1,8.0
653_7_1,4.0
370_4_1,1.0
237_7_1,5.0
91_2_1,5.0
395_3_1,4.0
129_2_1,6.0
668_1_1,3.0
162_8_1,5.0
188_1_1,5.0
263_4_1,1.0
191_1_1,2.0
734_10_1,7.0
530_5_1,4.0
776_3_1,2.0
830_5_1,6.0
548_8_2,3.0
539_1_1,8.0
671_8_1,4.0
163_7_1,3.0
14_6_1,7.0
169_11_2,7.0
745_10_1,5.0
648_8_2,4.0
411_1_1,6.0
302_8_1,4.0
117_4_1,5.0
43_1_1,4.0
730_11_3,7.0
533_9_1,5.0
401_5_1,3.0
752_1_1,7.0
118_2_2,3.0
762_4_1,5.0
198_5_1,5.0
314_3_1,6.0
49_4_1,4.0
441_6_3,6.0
783_8_1,5.0
571_6_2,2.0
557_3_1,1.0
407_5_1,5.0
91_5_1,6.0
96_9_1,2.0
36_7_1,3.0
769_5_2,2.0
826_3_1,6.0
39_4_1,1.0
740_8_2,5.0
426_7_1,6.0
649_1_1,5.0
804_2_2,4.0
699_3_2,3.0
755_6_2,4.0
362_6_1,3.0
452_5_1,4.0
205_3_1,4.0
514_8_1,7.0
585_5_2,9.0
707_3_1,6.0
24_1_1,6.0
9_8_3,3.0
472_5_1,8.0
89_8_1,4.0
53_6_1,5.0
128_6_1,5.0
261_7_1,6.0
775_1_2,3.0
358_6_1,5.0
93_2_1,4.0
462_2_1,3.0
158_5_2,3.0
209_3_2,3.0
306_10_1,7.0
259_1_1,6.0
380_2_1,6.0
267_2_1,5.0
774_3_2,3.0
794_12_1,4.0
541_5_1,4.0
226_5_1,2.0
152_4_1,5.0
212_9_1,3.0
472_9_1,8.0
137_10_1,2.0
433_1_1,3.0
748_1_6,4.0
525_9_1,4.0
204_10_1,5.0
505_1_1,4.0
707_8_2,8.0
561_5_1,2.0
202_6_1,3.0
123_4_1,5.0
343_9_1,5.0
591_5_1,1.0
818_8_1,5.0
710_6_2,7.0
61_8_1,6.0
699_12_1,5.0
734_7_1,9.0
44_1_1,5.0
473_10_1,4.0
689_1_2,5.0
709_9_1,5.0
114_11_1,10.0
131_3_2,4.0
6_10_2,6.0
368_12_1,5.0
750_6_1,7.0
169_10_1,6.0
56_6_1,3.0
267_6_1,4.0
133_6_2,2.0
182_4_1,1.0
574_4_1,4.0
388_2_1,2.0
218_8_1,4.0
539_9_1,7.0
336_2_1,4.0
467_3_3,4.0
220_3_1,3.0
402_2_1,7.0
241_2_1,3.0
589_7_1,1.0
573_2_1,7.0
132_9_2,2.0
107_1_2,5.0
364_3_1,4.0
626_4_2,3.0
600_6_1,8.0
514_6_1,6.0
162_7_1,5.0
224_3_1,4.0
331_4_1,7.0
427_3_1,6.0
779_3_1,6.0
680_4_2,2.0
799_2_1,3.0
476_3_1,2.0
140_1_1,5.0
681_2_1,5.0
98_2_1,2.0
788_7_1,6.0
23_9_1,4.0
328_1_1,2.0
570_2_1,4.0
819_7_2,6.0
236_4_1,6.0
190_2_1,4.0
512_7_1,6.0
92_7_1,3.0
754_2_1,3.0
301_7_1,4.0
147_1_4,6.0
720_5_1,7.0
565_6_1,5.0
677_8_2,4.0
494_6_1,8.0
549_3_1,5.0
392_2_1,2.0
828_3_1,5.0
335_4_1,6.0
61_6_4,6.0
261_2_1,7.0
57_6_1,3.0
436_5_1,3.0
12_8_2,4.0
436_7_1,4.0
638_10_1,6.0
453_11_1,3.0
4_9_1,4.0
209_2_2,8.0
99_6_1,5.0
379_2_1,3.0
807_10_1,6.0
719_11_1,6.0
243_9_1,3.0
292_7_2,5.0
510_5_1,8.0
193_6_2,6.0
139_7_1,5.0
228_2_1,3.0
13_6_1,4.0
568_5_1,7.0
368_3_2,2.0
792_1_1,5.0
181_5_1,2.0
352_1_1,4.0
604_5_1,4.0
625_1_1,1.0
400_9_1,3.0
136_5_2,7.0
727_9_1,7.0
108_8_1,2.0
626_11_2,2.0
113_12_1,6.0
317_5_1,4.0
14_7_1,6.0
575_3_1,7.0
716_10_1,7.0
700_6_2,6.0
244_2_1,7.0
431_5_1,3.0
229_8_1,4.0
319_10_1,7.0
400_6_1,3.0
566_5_1,5.0
714_8_2,4.0
98_8_1,2.0
815_1_1,7.0
116_11_1,6.0
599_5_1,7.0
445_5_1,7.0
823_10_2,6.0
310_8_1,7.0
744_2_2,5.0
319_7_1,3.0
229_2_1,3.0
783_6_1,4.0
834_2_1,5.0
137_9_1,6.0
141_2_2,5.0
346_7_1,3.0
654_1_1,2.0
287_1_2,3.0
172_6_2,6.0
102_2_1,5.0
306_2_1,8.0
508_1_1,3.0
581_2_1,1.0
807_8_1,5.0
207_7_1,3.0
682_12_1,6.0
554_6_2,6.0
821_9_1,6.0
585_1_1,7.0
260_9_1,7.0
657_4_1,3.0
638_7_1,7.0
785_6_2,5.0
262_12_1,6.0
161_11_1,1.0
720_11_1,7.0
354_10_1,3.0
532_12_1,7.0
427_5_1,4.0
540_7_1,3.0
279_5_1,6.0
518_6_1,6.0
481_4_2,8.0
686_8_4,6.0
745_12_1,3.0
274_1_1,5.0
713_7_1,5.0
268_12_1,4.0
11_8_2,3.0
679_3_2,4.0
151_5_1,6.0
782_4_1,5.0
294_7_2,2.0
414_6_1,6.0
642_8_2,7.0
484_3_1,9.0
558_4_1,5.0
830_4_2,3.0
65_8_1,6.0
222_3_1,1.0
104_6_1,3.0
387_4_1,3.0
274_3_1,4.0
55_7_1,4.0
79_4_1,3.0
43_4_1,6.0
462_3_1,3.0
219_1_1,4.0
116_9_1,6.0
467_12_1,4.0
37_9_1,2.0
132_6_3,3.0
445_2_1,8.0
547_2_2,7.0
147_7_2,7.0
588_9_1,1.0
503_8_1,6.0
483_5_1,8.0
196_2_1,5.0
338_5_1,3.0
780_2_1,4.0
634_6_4,5.0
596_7_1,6.0
119_1_4,6.0
663_1_2,1.0
720_1_1,9.0
554_7_1,3.0
2_6_1,4.0
140_6_1,3.0
607_1_1,4.0
399_4_1,2.0
724_7_1,6.0
81_3_1,4.0
747_5_2,4.0
715_5_3,7.0
528_1_1,3.0
617_2_1,4.0
165_8_2,4.0
251_6_1,4.0
446_6_1,4.0
762_9_2,6.0
265_5_1,4.0
345_5_1,4.0
324_11_1,3.0
354_6_1,7.0
689_9_1,4.0
413_2_1,5.0
82_7_1,5.0
54_8_1,5.0
277_6_1,5.0
749_7_2,5.0
392_7_1,2.0
633_11_1,5.0
391_8_1,7.0
525_7_1,5.0
689_5_1,6.0
486_3_1,6.0
705_5_1,4.0
343_8_1,5.0
105_7_1,3.0
136_10_1,3.0
413_7_1,4.0
270_6_2,5.0
607_5_1,4.0
58_2_1,6.0
430_11_2,4.0
732_5_1,1.0
108_1_1,5.0
458_3_1,4.0
613_4_1,3.0
182_1_1,1.0
492_8_1,6.0
535_1_1,4.0
595_1_2,6.0
285_3_1,7.0
378_3_2,2.0
373_3_2,5.0
419_11_1,7.0
219_2_1,6.0
87_6_1,4.0
834_8_1,6.0
412_2_1,6.0
415_7_1,3.0
24_5_1,4.0
474_8_1,6.0
36_8_1,5.0
218_3_1,4.0
559_2_1,4.0
461_7_1,3.0
423_9_1,5.0
698_12_1,4.0
22_2_1,1.0
427_1_1,4.0
475_4_2,6.0
315_5_1,3.0
679_7_2,5.0
649_8_1,4.0
211_5_1,4.0
199_5_1,3.0
541_7_1,2.0
168_3_1,6.0
461_10_1,4.0
217_6_2,3.0
416_1_1,7.0
402_7_1,5.0
596_8_1,6.0
684_4_1,6.0
740_3_1,2.0
740_4_2,5.0
593_7_1,7.0
27_3_1,3.0
268_5_1,3.0
610_5_1,2.0
364_4_2,3.0
639_5_1,5.0
493_1_1,7.0
10_2_1,3.0
561_1_1,4.0
391_7_1,4.0
743_5_2,5.0
590_5_1,8.0
196_5_3,3.0
525_2_1,5.0
407_8_1,5.0
548_3_1,3.0
797_2_1,5.0
511_3_1,6.0
777_5_3,2.0
235_5_1,5.0
362_4_1,5.0
154_9_1,6.0
522_7_1,5.0
645_5_3,7.0
184_3_1,2.0
158_3_1,2.0
224_8_1,5.0
815_8_2,7.0
215_9_1,3.0
245_1_1,4.0
173_4_1,7.0
775_4_2,3.0
15_3_1,3.0
741_5_7,3.0
610_2_1,2.0
492_3_1,6.0
64_4_1,6.0
671_1_1,3.0
402_3_4,6.0
825_6_1,4.0
640_5_1,9.0
573_3_3,6.0
493_2_1,7.0
44_11_1,2.0
522_9_1,5.0
394_10_1,5.0
419_7_1,5.0
140_3_2,5.0
630_12_1,4.0
38_4_1,4.0
370_8_1,2.0
675_12_2,6.0
635_2_1,4.0
631_1_1,3.0
316_11_1,7.0
29_6_1,2.0
777_6_1,2.0
616_4_1,5.0
577_1_2,3.0
360_4_2,5.0
534_5_1,6.0
691_2_1,3.0
298_1_1,3.0
458_9_1,6.0
555_4_2,2.0
202_8_1,1.0
76_8_1,4.0
331_9_1,7.0
137_8_1,4.0
675_1_2,4.0
820_1_2,4.0
792_3_1,6.0
26_4_1,4.0
727_11_1,5.0
440_9_1,4.0
105_6_1,4.0
482_7_2,6.0
154_8_2,5.0
632_6_2,2.0
202_2_1,4.0
723_11_2,5.0
463_5_2,5.0
520_6_1,6.0
595_6_1,4.0
356_5_1,1.0
323_2_1,2.0
272_1_1,4.0
290_11_1,1.0
83_2_1,5.0
99_7_1,6.0
282_6_1,7.0
495_6_1,4.0
170_9_3,5.0
611_6_1,3.0
563_8_1,5.0
314_8_1,5.0
832_1_1,4.0
728_1_1,6.0
302_2_1,3.0
586_5_1,7.0
637_1_2,6.0
479_3_1,6.0
711_8_1,6.0
223_5_1,3.0
457_8_1,5.0
101_4_1,5.0
108_2_3,7.0
433_6_1,7.0
475_6_1,5.0
587_7_2,9.0
28_4_1,2.0
162_1_1,5.0
73_7_1,4.0
6_5_1,4.0
155_3_1,1.0
295_7_1,3.0
807_11_3,5.0
237_5_2,3.0
729_7_1,5.0
436_2_1,3.0
689_8_1,5.0
134_8_2,4.0
90_8_1,6.0
189_2_1,6.0
84_7_1,4.0
666_8_1,3.0
448_6_1,8.0
113_2_2,5.0
671_2_1,4.0
316_5_1,4.0
456_10_1,6.0
297_5_2,5.0
665_7_1,3.0
329_7_1,3.0
468_12_1,6.0
701_4_2,5.0
290_10_1,1.0
635_9_1,5.0
235_3_2,4.0
222_2_1,3.0
605_9_1,3.0
542_2_1,1.0
249_1_1,5.0
655_3_1,2.0
669_4_1,4.0
408_5_1,8.0
271_5_2,6.0
92_4_1,5.0
606_1_1,3.0
441_1_1,3.0
326_6_1,3.0
157_10_2,3.0
264_3_1,5.0
389_7_1,4.0
714_3_2,4.0
113_4_1,7.0
54_7_1,4.0
574_10_1,5.0
754_11_2,5.0
652_4_1,3.0
754_6_2,6.0
153_8_1,6.0
820_3_1,5.0
646_4_2,6.0
442_6_1,4.0
382_3_1,1.0
138_1_2,5.0
260_4_1,6.0
791_5_1,6.0
507_2_1,5.0
703_6_2,4.0
224_5_1,3.0
604_2_1,4.0
536_5_1,3.0
350_9_1,4.0
25_1_2,5.0
472_1_1,6.0
141_9_1,6.0
299_6_1,1.0
493_6_1,6.0
299_7_1,5.0
39_1_1,4.0
307_1_1,8.0
162_5_1,4.0
9_7_1,4.0
332_8_1,3.0
433_7_1,4.0
597_8_1,4.0
104_8_1,5.0
783_2_1,4.0
183_1_1,7.0
501_6_1,3.0
30_7_1,4.0
12_5_2,3.0
308_4_1,4.0
388_6_1,3.0
820_7_1,7.0
790_1_1,5.0
348_4_2,3.0
476_5_1,3.0
755_2_1,4.0
126_2_1,6.0
800_1_1,3.0
313_4_1,5.0
407_12_2,8.0
192_6_1,4.0
493_3_1,5.0
52_4_1,5.0
448_4_1,8.0
800_8_1,3.0
742_5_1,4.0
429_2_1,6.0
627_1_1,1.0
760_9_1,1.0
635_1_2,3.0
392_5_1,3.0
80_2_1,3.0
63_3_1,7.0
507_1_1,2.0
91_1_1,2.0
464_9_1,6.0
95_6_1,4.0
282_8_1,7.0
293_3_1,2.0
459_2_1,6.0
480_10_1,4.0
833_2_2,5.0
75_5_1,3.0
592_2_1,3.0
134_5_2,3.0
243_11_1,5.0
206_9_1,6.0
731_10_1,8.0
213_5_1,5.0
668_6_3,5.0
441_5_1,4.0
11_7_1,4.0
301_1_1,4.0
597_1_1,6.0
129_8_1,3.0
340_6_1,3.0
594_5_2,4.0
269_2_1,4.0
520_9_1,8.0
151_1_2,5.0
254_3_1,5.0
78_6_1,3.0
758_5_2,4.0
71_7_1,5.0
230_7_1,4.0
167_7_3,6.0
334_2_1,6.0
793_8_1,6.0
263_5_1,6.0
330_3_1,2.0
294_2_1,6.0
678_7_3,4.0
212_1_1,4.0
94_2_1,4.0
274_5_1,5.0
25_4_3,4.0
474_4_1,5.0
294_9_1,5.0
548_5_2,8.0
101_3_1,5.0
810_7_1,6.0
537_8_1,8.0
812_7_2,4.0
696_1_1,5.0
81_5_1,4.0
736_11_1,5.0
624_5_2,4.0
365_5_1,3.0
633_2_2,2.0
16_1_1,4.0
223_2_1,7.0
453_2_1,4.0
713_5_1,6.0
268_1_1,3.0
831_3_2,3.0
651_4_1,1.0
17_7_1,6.0
736_2_1,5.0
379_3_1,8.0
756_10_2,5.0
8_8_1,4.0
542_7_1,6.0
741_8_4,5.0
388_7_1,3.0
613_8_1,2.0
85_8_1,6.0
417_8_1,2.0
93_7_1,6.0
152_5_2,6.0
272_4_1,6.0
411_8_1,4.0
568_6_1,7.0
71_8_1,2.0
235_2_2,4.0
803_2_1,4.0
215_7_1,3.0
175_1_2,4.0
625_8_1,1.0
554_3_3,4.0
62_2_2,5.0
447_7_1,6.0
87_3_1,4.0
687_7_1,6.0
76_3_1,3.0
239_9_2,5.0
477_1_1,4.0
344_6_1,3.0
589_10_1,1.0
149_5_3,5.0
35_3_1,6.0
442_8_1,3.0
171_3_1,7.0
327_5_1,4.0
191_9_2,3.0
559_4_1,4.0
337_2_2,5.0
488_5_1,7.0
611_5_1,2.0
357_5_1,4.0
784_5_1,7.0
466_2_1,2.0
119_2_1,7.0
743_10_2,1.0
282_4_1,8.0
423_5_2,3.0
387_5_1,2.0
339_3_2,5.0
294_4_2,4.0
9_5_1,4.0
818_4_1,4.0
591_9_1,1.0
200_8_2,6.0
369_9_3,4.0
463_4_1,4.0
539_6_1,7.0
188_11_1,6.0
347_5_1,3.0
19_7_2,3.0
571_3_1,6.0
261_10_1,5.0
773_6_1,4.0
283_5_1,8.0
596_3_1,6.0
373_8_1,5.0
316_6_1,4.0
108_6_2,6.0
708_10_1,5.0
475_5_1,3.0
356_7_1,5.0
46_9_1,1.0
180_1_2,3.0
582_7_2,4.0
223_4_1,3.0
499_8_1,8.0
363_8_1,4.0
228_3_1,5.0
531_2_1,6.0
106_2_1,5.0
149_7_1,7.0
22_8_1,1.0
411_4_1,7.0
683_6_1,5.0
262_8_1,4.0
801_4_1,5.0
455_5_1,2.0
414_7_1,6.0
129_9_1,4.0
742_3_1,4.0
38_6_1,3.0
185_1_1,5.0
36_4_1,4.0
510_2_1,5.0
389_3_1,2.0
679_6_2,4.0
227_7_1,2.0
159_8_1,6.0
732_4_1,9.0
731_11_1,7.0
406_9_2,6.0
290_5_1,2.0
252_2_1,4.0
487_1_1,3.0
464_11_1,5.0
759_9_1,6.0
423_4_1,6.0
356_8_1,5.0
13_4_1,2.0
458_7_1,6.0
94_1_1,3.0
828_7_2,4.0
61_1_2,4.0
550_3_2,4.0
810_9_1,9.0
587_9_2,6.0
145_7_1,7.0
180_8_1,1.0
302_11_1,4.0
817_9_1,6.0
51_3_1,5.0
275_5_1,6.0
119_8_2,4.0
259_6_1,4.0
361_6_1,4.0
593_5_1,8.0
84_5_1,6.0
28_3_1,6.0
246_4_1,3.0
335_7_1,3.0
392_1_2,4.0
277_11_1,4.0
453_12_1,3.0
342_8_1,4.0
556_8_1,3.0
575_6_1,5.0
269_3_1,5.0
98_3_1,4.0
723_3_1,5.0
437_2_1,4.0
771_5_1,3.0
494_8_1,8.0
187_7_1,3.0
707_7_1,2.0
521_4_1,7.0
310_9_1,2.0
623_8_1,6.0
575_4_1,5.0
65_7_4,7.0
339_5_1,6.0
604_8_1,3.0
426_2_1,4.0
570_4_1,2.0
812_11_2,4.0
644_4_1,5.0
414_1_1,5.0
72_1_1,7.0
46_1_1,2.0
638_1_2,6.0
617_4_1,5.0
337_5_1,6.0
95_8_1,6.0
760_2_4,3.0
784_1_1,6.0
676_10_3,6.0
542_5_1,3.0
27_7_1,2.0
487_7_1,2.0
427_2_1,8.0
527_4_1,5.0
493_5_1,7.0
313_5_1,4.0
764_3_2,5.0
281_6_1,8.0
91_6_1,4.0
390_3_1,3.0
7_3_1,6.0
652_7_1,1.0
111_12_1,8.0
729_4_2,6.0
730_3_2,5.0
65_6_1,6.0
334_4_1,6.0
18_4_1,8.0
334_7_1,5.0
611_3_1,1.0
489_2_1,7.0
694_3_4,5.0
58_9_1,6.0
528_6_1,4.0
479_5_1,2.0
75_3_1,3.0
57_3_1,5.0
420_4_1,6.0
393_7_1,2.0
40_1_1,2.0
711_2_1,5.0
490_8_2,7.0
613_3_1,5.0
57_5_1,5.0
673_4_1,5.0
112_3_1,8.0
443_8_1,6.0
189_3_1,2.0
345_7_1,4.0
780_6_1,3.0
125_11_1,6.0
49_6_1,3.0
292_4_2,3.0
185_5_1,4.0
281_2_1,7.0
780_12_1,3.0
750_5_1,4.0
695_6_1,4.0
703_4_2,2.0
241_4_1,4.0
95_7_1,5.0
756_8_1,5.0
729_6_1,6.0
162_6_1,3.0
768_9_1,2.0
697_6_1,5.0
239_5_2,5.0
573_1_2,6.0
582_3_5,5.0
47_1_1,5.0
243_4_1,5.0
144_12_1,2.0
682_8_1,5.0
471_3_2,7.0
821_3_1,7.0
24_8_1,3.0
529_2_1,5.0
803_8_1,6.0
22_7_1,4.0
489_6_2,4.0
138_6_1,6.0
551_7_2,3.0
628_6_1,1.0
287_7_1,3.0
725_12_1,1.0
812_1_2,3.0
535_7_1,5.0
397_8_1,5.0
146_6_1,7.0
420_2_1,6.0
807_7_1,2.0
480_5_1,4.0
620_8_1,6.0
589_4_1,3.0
208_10_1,4.0
64_5_1,5.0
21_7_1,3.0
361_7_1,6.0
572_2_1,6.0
595_3_2,6.0
561_3_1,3.0
13_9_1,3.0
377_1_1,7.0
494_3_1,3.0
438_7_1,4.0
423_3_1,5.0
220_1_2,3.0
744_7_2,5.0
671_4_1,5.0
208_7_1,4.0
20_1_1,3.0
403_7_3,8.0
311_7_1,4.0
198_9_3,5.0
320_4_1,5.0
338_6_2,4.0
665_2_1,3.0
612_2_1,1.0
752_11_2,4.0
277_3_1,1.0
782_8_1,4.0
487_5_1,3.0
228_7_1,5.0
653_4_1,2.0
483_7_1,7.0
39_6_1,3.0
27_5_1,5.0
542_6_2,7.0
481_6_1,8.0
401_1_1,3.0
62_9_2,3.0
26_6_1,6.0
180_5_1,5.0
142_12_1,6.0
324_2_1,3.0
109_6_1,8.0
39_2_1,2.0
232_2_1,4.0
804_8_2,6.0
249_9_1,2.0
427_8_1,3.0
192_8_1,1.0
106_5_1,3.0
249_8_1,5.0
565_9_1,6.0
559_1_1,4.0
396_1_1,2.0
586_12_1,6.0
193_5_2,8.0
27_4_1,6.0
245_11_1,4.0
644_9_2,6.0
828_10_2,4.0
645_10_2,7.0
422_4_1,6.0
169_9_2,7.0
641_9_1,10.0
637_9_2,6.0
86_1_1,4.0
23_6_1,2.0
794_7_1,5.0
346_6_1,3.0
798_8_1,4.0
35_7_1,5.0
355_5_1,5.0
311_4_1,5.0
37_2_1,2.0
516_7_1,5.0
626_1_2,5.0
125_2_1,5.0
280_6_1,7.0
429_6_1,5.0
710_4_1,8.0
587_11_2,7.0
668_3_1,1.0
340_5_1,3.0
34_7_1,4.0
366_11_1,5.0
686_6_1,7.0
766_5_2,2.0
666_6_1,2.0
14_9_1,5.0
174_8_2,5.0
326_2_1,2.0
28_5_1,4.0
499_2_1,5.0
11_4_1,4.0
110_2_1,3.0
566_1_1,5.0
58_7_1,3.0
732_6_1,8.0
69_9_1,4.0
779_7_1,6.0
576_4_2,5.0
701_1_2,6.0
498_1_1,5.0
785_4_2,5.0
431_1_2,3.0
307_8_1,4.0
292_3_2,3.0
699_6_1,5.0
269_4_1,6.0
654_9_1,3.0
814_2_1,6.0
82_4_1,5.0
89_5_1,3.0
712_7_1,7.0
431_3_1,5.0
366_4_1,5.0
558_3_1,3.0
179_1_1,4.0
153_1_2,5.0
674_7_6,3.0
241_5_1,3.0
638_2_2,9.0
418_9_1,2.0
40_3_1,3.0
425_6_1,4.0
179_7_2,7.0
413_3_1,5.0
456_1_1,6.0
440_3_1,6.0
674_5_2,4.0
690_7_1,5.0
496_6_1,7.0
613_5_1,4.0
781_8_1,3.0
834_9_1,5.0
454_2_1,3.0
86_5_1,4.0
610_9_2,2.0
560_2_1,4.0
548_1_1,5.0
307_9_1,6.0
485_2_1,2.0
41_8_1,5.0
443_4_1,6.0
745_8_1,3.0
273_2_1,4.0
404_4_2,7.0
553_7_1,4.0
721_5_2,8.0
364_8_1,3.0
566_9_1,3.0
747_6_3,5.0
210_5_3,8.0
44_9_1,4.0
546_5_1,3.0
204_4_1,4.0
545_4_1,1.0
352_6_1,8.0
476_8_2,5.0
109_10_1,7.0
591_11_1,1.0
522_4_1,5.0
378_2_2,5.0
278_5_1,6.0
775_9_2,5.0
266_4_1,3.0
736_7_1,8.0
532_3_1,5.0
11_6_1,4.0
438_9_4,6.0
235_6_1,4.0
658_4_1,1.0
331_3_1,5.0
713_10_1,6.0
793_6_2,7.0
62_7_2,5.0
460_4_1,6.0
316_8_1,5.0
481_3_2,8.0
353_4_1,4.0
429_7_1,6.0
159_7_1,4.0
608_1_1,3.0
426_1_1,6.0
459_5_1,8.0
689_6_1,3.0
78_3_1,4.0
792_2_2,5.0
498_6_1,4.0
461_2_1,3.0
565_1_1,4.0
646_2_2,3.0
793_2_2,7.0
177_10_1,6.0
276_3_1,4.0
657_6_1,1.0
622_3_1,7.0
109_7_1,6.0
295_8_1,4.0
251_8_1,2.0
365_7_2,5.0
576_9_2,3.0
45_7_1,4.0
146_4_1,7.0
633_5_1,3.0
348_7_1,5.0
806_9_1,4.0
524_2_1,3.0
418_2_1,3.0
823_2_1,3.0
237_3_2,4.0
73_4_1,4.0
464_5_1,5.0
405_7_1,6.0
212_4_1,5.0
108_9_1,3.0
564_2_1,6.0
511_2_1,6.0
298_6_1,5.0
298_4_1,5.0
587_4_1,6.0
763_3_1,6.0
688_8_2,7.0
140_5_1,6.0
193_8_1,3.0
569_6_1,3.0
720_9_1,8.0
767_4_2,5.0
407_3_2,4.0
562_3_1,4.0
666_1_1,2.0
608_10_1,2.0
613_7_3,3.0
542_3_2,7.0
313_7_1,4.0
798_4_2,5.0
528_3_1,5.0
738_7_1,3.0
739_7_1,3.0
821_6_1,8.0
375_3_4,6.0
627_12_1,2.0
795_6_1,5.0
380_10_1,5.0
463_6_1,3.0
619_12_1,5.0
553_4_1,6.0
800_4_1,3.0
257_9_1,3.0
223_1_1,5.0
505_6_1,4.0
318_2_1,4.0
667_7_1,2.0
416_2_1,6.0
200_1_1,8.0
216_4_1,4.0
778_7_1,9.0
327_7_1,3.0
566_4_1,8.0
62_3_1,7.0
701_3_1,6.0
126_8_2,4.0
486_7_2,3.0
314_1_1,5.0
524_8_1,5.0
290_6_1,1.0
320_6_1,7.0
178_2_2,7.0
4_2_1,4.0
302_4_1,4.0
140_2_2,5.0
834_5_1,5.0
195_1_2,3.0
776_4_4,6.0
730_4_2,8.0
369_10_1,2.0
55_2_1,7.0
454_6_1,5.0
333_1_1,3.0
520_3_1,5.0
564_8_1,7.0
496_3_1,6.0
579_3_1,1.0
787_7_1,6.0
619_2_1,6.0
467_8_4,5.0
315_8_1,5.0
802_4_2,6.0
138_9_1,5.0
380_6_1,6.0
468_7_1,2.0
500_6_1,5.0
618_6_1,3.0
578_8_1,6.0
25_3_1,4.0
77_9_1,4.0
81_4_1,4.0
659_3_1,2.0
381_1_1,2.0
348_2_1,4.0
801_1_1,5.0
379_1_1,2.0
42_3_1,3.0
277_1_1,4.0
782_10_1,4.0
481_8_1,9.0
334_8_1,7.0
510_8_1,4.0
61_4_1,5.0
303_7_1,3.0
326_5_1,2.0
90_9_1,4.0
385_11_1,3.0
258_8_1,2.0
351_5_1,3.0
321_8_1,4.0
556_4_1,6.0
5_1_1,5.0
84_1_1,5.0
656_3_1,3.0
718_4_1,2.0
181_6_2,3.0
375_1_2,3.0
350_2_1,3.0
372_7_1,3.0
813_7_2,3.0
214_3_1,5.0
834_1_1,6.0
811_7_1,3.0
812_5_2,2.0
452_2_2,3.0
742_1_1,4.0
15_10_4,3.0
285_8_1,7.0
176_2_2,1.0
93_5_1,8.0
308_2_1,1.0
22_3_1,1.0
68_6_1,4.0
557_7_1,5.0
771_3_2,6.0
639_4_2,5.0
384_7_2,3.0
423_7_1,4.0
85_3_1,5.0
453_1_1,4.0
367_1_1,2.0
227_9_1,2.0
398_9_1,5.0
263_7_1,6.0
611_1_1,4.0
827_4_1,4.0
702_10_2,7.0
263_8_1,7.0
757_1_1,8.0
436_8_1,3.0
194_5_1,1.0
525_4_1,6.0
622_9_1,6.0
45_5_1,2.0
409_10_1,2.0
420_12_1,4.0
577_2_1,4.0
318_1_1,4.0
789_3_1,3.0
594_4_3,8.0
297_8_2,5.0
132_5_2,4.0
291_3_1,5.0
531_10_1,6.0
537_1_1,6.0
219_8_1,5.0
580_5_1,1.0
222_5_1,7.0
150_8_1,6.0
235_7_1,3.0
334_6_1,6.0
253_3_1,4.0
251_7_1,2.0
676_7_2,7.0
186_3_2,2.0
42_1_1,3.0
82_1_1,6.0
381_7_1,4.0
141_5_1,4.0
432_9_1,5.0
349_6_1,4.0
459_4_1,7.0
809_8_1,4.0
442_2_1,5.0
435_8_1,4.0
698_3_2,5.0
158_4_1,4.0
471_1_1,6.0
694_9_1,5.0
678_5_1,4.0
190_9_1,4.0
173_3_2,6.0
609_1_1,5.0
128_9_2,5.0
624_3_1,6.0
365_8_2,4.0
447_1_2,9.0
806_3_1,2.0
758_9_2,6.0
115_1_1,5.0
358_3_1,5.0
566_2_1,5.0
210_4_1,6.0
219_3_1,3.0
547_9_2,3.0
218_1_1,3.0
204_9_1,7.0
640_11_2,8.0
54_9_1,3.0
227_1_1,3.0
529_9_1,6.0
779_9_1,7.0
519_5_1,6.0
30_3_1,8.0
745_5_1,2.0
278_9_1,6.0
502_6_2,5.0
665_8_1,2.0
531_3_1,3.0
743_12_3,2.0
244_5_1,7.0
637_8_2,7.0
740_2_4,3.0
513_5_1,7.0
763_6_2,7.0
250_7_1,5.0
335_1_1,5.0
491_4_1,7.0
279_2_1,4.0
139_3_1,5.0
687_8_2,6.0
103_3_1,4.0
388_8_1,3.0
568_8_1,5.0
568_3_1,6.0
606_2_1,3.0
213_2_1,2.0
396_6_1,3.0
18_1_1,2.0
500_8_1,4.0
715_4_2,6.0
453_10_1,3.0
739_1_1,4.0
148_5_1,4.0
707_1_2,3.0
112_1_1,10.0
374_5_1,4.0
808_2_1,7.0
305_10_1,4.0
490_5_2,7.0
449_9_2,8.0
103_2_1,3.0
139_9_1,6.0
520_5_1,6.0
293_8_1,2.0
615_2_1,5.0
546_9_1,3.0
159_1_1,6.0
124_8_1,5.0
500_3_1,3.0
218_4_1,3.0
599_7_1,7.0
714_5_3,5.0
45_2_1,4.0
635_12_1,3.0
384_4_1,2.0
727_2_1,3.0
187_2_1,3.0
583_1_3,6.0
558_2_1,5.0
154_5_1,4.0
663_3_1,1.0
834_3_1,6.0
731_6_1,9.0
828_4_2,6.0
618_10_1,3.0
827_2_1,3.0
7_6_1,4.0
483_3_1,8.0
427_4_1,4.0
20_9_1,3.0
569_10_1,8.0
199_6_1,6.0
199_8_1,5.0
185_8_1,1.0
184_7_1,3.0
475_2_1,3.0
807_3_1,3.0
393_11_1,1.0
260_12_1,4.0
817_2_2,5.0
668_5_1,3.0
822_9_1,6.0
405_1_1,8.0
354_9_1,4.0
55_5_1,4.0
768_5_1,1.0
371_2_1,6.0
667_6_1,2.0
199_7_1,2.0
348_6_1,4.0
614_1_2,2.0
199_9_1,4.0
502_7_1,3.0
122_13_2,2.0
155_7_2,4.0
370_1_1,6.0
293_12_1,2.0
386_4_1,3.0
816_5_1,7.0
541_2_1,5.0
712_2_3,5.0
280_1_1,8.0
418_8_1,2.0
188_2_1,4.0
57_2_1,5.0
297_3_1,7.0
644_2_1,6.0
303_9_1,5.0
748_5_2,5.0
734_4_1,8.0
464_2_1,5.0
194_8_3,2.0
739_3_1,3.0
144_5_2,7.0
545_5_1,5.0
262_7_1,1.0
165_2_1,1.0
253_1_1,3.0
505_3_1,3.0
784_3_1,5.0
532_9_1,5.0
173_6_2,7.0
711_6_1,5.0
52_6_1,6.0
118_8_2,3.0
101_2_1,7.0
344_10_1,5.0
608_9_1,2.0
673_1_2,4.0
33_1_1,5.0
818_6_2,6.0
280_5_1,8.0
81_8_1,4.0
221_8_2,1.0
571_1_1,5.0
620_3_1,6.0
774_5_2,7.0
462_6_1,2.0
415_8_1,5.0
4_1_1,5.0
137_2_1,6.0
746_5_1,4.0
337_12_2,6.0
410_11_1,4.0
15_2_1,3.0
356_3_1,3.0
290_1_1,3.0
722_6_2,6.0
8_1_2,4.0
164_6_1,2.0
87_8_1,4.0
607_2_1,3.0
154_4_2,3.0
251_1_2,3.0
35_5_1,4.0
671_7_1,4.0
451_8_1,3.0
230_3_1,5.0
660_9_1,1.0
86_3_1,6.0
686_3_1,7.0
603_2_1,3.0
445_4_1,6.0
143_2_1,4.0
347_1_1,4.0
557_4_1,4.0
747_1_1,4.0
466_4_1,4.0
130_7_2,7.0
648_10_2,8.0
671_9_1,3.0
169_6_1,6.0
588_10_1,1.0
616_3_1,7.0
349_2_1,4.0
436_6_1,4.0
299_2_1,7.0
374_6_2,4.0
15_7_4,4.0
725_3_1,5.0
830_9_1,5.0
391_1_1,2.0
631_8_1,3.0
406_11_4,7.0
503_3_1,4.0
353_5_1,2.0
449_4_2,8.0
709_1_2,6.0
694_2_1,7.0
685_11_2,6.0
11_2_2,4.0
378_9_2,8.0
247_10_1,7.0
215_4_1,4.0
816_8_2,6.0
627_4_2,3.0
596_2_1,8.0
674_8_1,4.0
244_3_1,4.0
537_6_1,8.0
458_8_2,5.0
584_7_1,9.0
202_4_1,4.0
620_2_1,5.0
449_1_1,7.0
384_12_1,3.0
501_5_1,5.0
815_3_2,6.0
815_9_2,4.0
815_7_2,6.0
577_4_2,4.0
84_2_1,6.0
275_4_1,4.0
728_10_1,5.0
709_6_1,5.0
128_2_1,7.0
70_6_1,3.0
548_11_1,5.0
718_2_2,5.0
151_9_1,8.0
470_3_1,3.0
777_10_2,3.0
189_7_1,6.0
414_8_1,7.0
542_1_1,8.0
567_7_1,7.0
567_9_1,10.0
34_3_1,2.0
467_11_1,3.0
143_7_1,5.0
396_4_1,2.0
265_1_1,6.0
457_1_1,7.0
239_7_1,4.0
480_11_1,4.0
711_4_2,6.0
83_1_1,4.0
819_5_2,4.0
597_3_1,4.0
533_4_2,5.0
125_9_1,6.0
521_9_1,6.0
355_4_1,5.0
352_3_1,8.0
224_1_1,5.0
155_6_2,4.0
694_5_1,5.0
636_6_1,5.0
595_5_2,5.0
553_11_1,2.0
676_8_2,5.0
823_12_2,7.0
274_4_1,6.0
365_3_2,4.0
142_10_2,6.0
114_7_1,6.0
548_12_1,4.0
163_8_1,4.0
778_3_1,6.0
204_6_1,9.0
191_4_1,2.0
105_4_1,2.0
45_9_1,2.0
18_3_2,6.0
38_5_1,3.0
195_6_2,2.0
126_4_1,6.0
48_7_1,3.0
578_4_1,6.0
435_3_1,6.0
96_2_1,4.0
474_2_1,6.0
605_4_1,4.0
458_6_1,4.0
483_4_2,6.0
531_11_1,6.0
674_2_1,4.0
746_3_1,5.0
176_3_2,1.0
616_1_2,6.0
715_12_1,6.0
341_3_1,4.0
242_7_2,5.0
495_8_1,4.0
758_12_2,8.0
753_9_2,7.0
476_7_1,5.0
664_1_1,1.0
383_1_2,3.0
712_4_2,6.0
439_8_2,6.0
554_1_1,5.0
336_7_1,4.0
549_6_2,6.0
8_3_1,4.0
10_5_1,4.0
100_5_1,5.0
303_2_1,4.0
669_1_1,3.0
775_6_1,3.0
99_2_1,6.0
450_2_1,6.0
812_8_2,3.0
395_8_1,3.0
389_4_1,4.0
462_7_1,3.0
278_4_1,5.0
434_1_1,5.0
714_4_2,4.0
650_6_1,4.0
427_6_1,5.0
674_1_2,4.0
643_5_3,7.0
114_9_1,10.0
272_6_1,4.0
232_3_1,4.0
289_9_1,2.0
780_11_1,3.0
158_2_1,3.0
313_1_1,4.0
628_8_1,6.0
533_6_1,5.0
148_3_2,3.0
627_8_2,3.0
681_10_1,5.0
56_3_1,5.0
175_9_2,3.0
504_2_1,3.0
560_5_1,4.0
470_2_1,5.0
635_6_2,5.0
795_2_1,5.0
132_8_2,6.0
652_6_1,1.0
410_8_1,6.0
757_9_1,3.0
471_6_4,7.0
177_12_4,5.0
297_7_2,5.0
589_3_1,1.0
461_5_1,4.0
724_2_1,7.0
672_5_1,3.0
540_5_1,3.0
584_6_1,6.0
188_10_1,6.0
671_3_3,1.0
574_6_2,3.0
552_3_1,2.0
252_5_1,5.0
631_10_2,3.0
565_8_1,4.0
475_3_1,3.0
800_7_1,3.0
444_2_2,6.0
409_3_1,3.0
672_3_1,6.0
683_3_1,5.0
547_8_1,3.0
552_6_2,4.0
1_11_1,6.0
373_7_1,6.0
312_1_1,6.0
85_7_1,4.0
243_12_1,4.0
544_1_1,2.0
767_6_7,4.0
705_3_2,6.0
640_1_2,8.0
546_10_2,4.0
327_1_1,3.0
759_10_1,2.0
532_7_1,4.0
767_1_3,5.0
454_3_2,6.0
134_1_2,3.0
362_8_2,3.0
803_7_1,6.0
545_2_2,2.0
281_4_1,7.0
185_3_1,4.0
618_3_1,4.0
237_2_1,5.0
516_4_1,5.0
132_7_2,4.0
253_9_1,5.0
718_11_1,3.0
594_1_1,8.0
333_5_1,5.0
309_8_1,6.0
428_5_1,7.0
142_3_1,4.0
183_6_2,3.0
487_3_1,3.0
754_7_1,6.0
511_7_1,6.0
805_12_2,7.0
419_12_1,4.0
372_3_1,6.0
28_7_1,4.0
772_10_1,5.0
7_2_1,4.0
72_6_1,3.0
155_5_1,7.0
634_5_2,3.0
380_4_1,5.0
808_9_1,6.0
748_9_1,5.0
286_7_2,2.0
564_4_1,6.0
34_4_1,3.0
139_1_1,5.0
289_3_2,4.0
656_1_1,1.0
242_11_1,6.0
49_3_1,3.0
213_6_1,5.0
204_7_1,6.0
494_5_1,7.0
340_4_1,3.0
510_6_1,8.0
592_6_1,5.0
729_3_2,5.0
196_4_1,5.0
346_2_1,3.0
399_8_1,3.0
534_2_1,4.0
27_2_1,3.0
114_8_1,9.0
162_2_2,5.0
629_7_1,3.0
234_3_1,6.0
231_3_1,5.0
313_3_1,3.0
682_11_1,5.0
14_1_1,8.0
120_9_1,5.0
225_2_1,7.0
262_2_1,6.0
338_9_1,8.0
42_4_1,2.0
810_11_1,4.0
735_2_2,6.0
550_7_1,4.0
308_7_1,5.0
222_7_1,4.0
585_9_2,6.0
716_3_1,5.0
543_5_1,3.0
499_3_1,5.0
676_12_2,7.0
446_1_2,8.0
823_5_2,4.0
363_3_1,5.0
700_12_1,5.0
214_10_1,6.0
636_8_3,8.0
310_10_1,5.0
593_6_1,7.0
171_9_2,6.0
22_6_1,4.0
108_5_2,3.0
612_8_1,3.0
614_3_2,3.0
416_3_1,8.0
791_7_1,5.0
726_10_1,8.0
679_4_1,4.0
445_1_2,5.0
245_5_1,3.0
415_1_1,4.0
495_1_1,5.0
478_8_1,5.0
831_4_1,6.0
255_10_1,3.0
653_5_1,2.0
745_6_1,2.0
611_7_1,4.0
426_5_1,4.0
3_4_1,6.0
629_2_2,1.0
1_2_1,2.0
272_9_1,4.0
170_5_1,6.0
620_4_1,6.0
583_8_1,6.0
354_7_1,3.0
488_3_1,4.0
50_6_1,8.0
670_1_1,5.0
390_2_1,3.0
23_8_1,2.0
659_4_3,1.0
227_6_2,3.0
802_3_2,5.0
795_8_1,5.0
103_1_1,2.0
197_5_1,4.0
577_3_1,4.0
226_1_1,2.0
286_2_1,2.0
304_8_1,2.0
742_11_1,4.0
569_5_1,7.0
630_8_1,2.0
507_7_1,5.0
719_5_1,8.0
553_3_2,3.0
229_7_1,4.0
512_1_1,6.0
691_3_2,6.0
583_2_1,1.0
598_2_1,5.0
70_3_1,6.0
145_10_1,4.0
152_8_1,4.0
484_5_3,7.0
166_6_1,2.0
508_2_1,6.0
125_8_1,8.0
88_5_1,6.0
338_7_1,7.0
624_6_1,5.0
231_8_1,8.0
612_4_1,2.0
350_7_1,3.0
182_8_1,2.0
809_10_1,4.0
458_1_1,4.0
750_4_1,3.0
109_3_1,4.0
637_5_2,7.0
206_5_1,3.0
268_8_1,4.0
563_4_1,4.0
742_10_1,3.0
763_4_1,4.0
187_6_3,6.0
478_1_1,5.0
92_2_1,4.0
552_4_2,4.0
98_5_1,2.0
328_6_1,2.0
243_3_1,4.0
486_4_1,3.0
417_7_1,3.0
139_8_1,5.0
677_4_2,6.0
745_3_1,2.0
375_9_1,3.0
300_5_1,3.0
149_3_1,3.0
252_1_1,4.0
25_2_1,4.0
190_5_1,4.0
666_4_1,1.0
73_3_1,4.0
266_6_1,7.0
179_9_2,7.0
97_4_1,2.0
324_7_1,6.0
300_6_1,4.0
826_8_1,5.0
231_7_1,6.0
17_4_1,6.0
23_4_1,1.0
744_8_1,5.0
227_4_1,4.0
533_3_1,5.0
323_8_1,5.0
537_5_1,2.0
672_2_1,5.0
332_6_1,3.0
543_6_1,3.0
260_5_1,3.0
83_3_1,5.0
238_1_2,4.0
673_6_2,3.0
326_10_1,2.0
278_8_1,2.0
789_4_1,5.0
298_5_1,4.0
181_11_2,2.0
683_1_1,5.0
43_9_1,4.0
422_6_1,5.0
536_2_1,4.0
734_9_1,7.0
317_1_1,2.0
91_8_1,2.0
656_5_1,3.0
123_2_1,5.0
448_1_1,6.0
715_8_1,5.0
242_2_2,6.0
440_6_1,5.0
802_5_2,5.0
542_8_1,2.0
812_9_2,6.0
801_2_1,5.0
163_4_1,4.0
580_3_1,1.0
765_10_2,7.0
83_5_1,4.0
224_7_1,6.0
187_8_2,3.0
738_11_1,2.0
62_6_1,4.0
637_3_1,7.0
586_1_1,8.0
824_10_1,7.0
774_7_2,3.0
767_8_2,3.0
706_8_2,8.0
136_8_1,1.0
798_3_1,5.0
474_5_2,7.0
87_7_1,5.0
160_7_1,4.0
400_10_1,3.0
588_4_1,1.0
203_7_1,8.0
321_3_1,8.0
582_4_2,7.0
564_3_1,5.0
9_4_1,5.0
217_5_2,4.0
547_6_1,4.0
284_10_1,8.0
586_10_2,7.0
485_1_1,3.0
656_8_1,5.0
103_5_1,2.0
154_3_1,3.0
210_6_1,7.0
697_1_2,7.0
359_5_1,5.0
432_1_1,6.0
680_8_1,7.0
297_1_1,5.0
470_5_2,2.0
769_3_2,4.0
315_2_1,4.0
647_1_2,2.0
341_5_1,6.0
743_1_1,3.0
709_12_2,8.0
616_2_1,6.0
143_10_2,1.0
50_7_1,6.0
768_7_1,4.0
469_3_1,5.0
99_3_1,5.0
714_11_1,2.0
556_5_2,7.0
175_8_3,3.0
208_8_1,6.0
514_1_1,6.0
605_6_1,3.0
392_8_1,5.0
425_9_1,4.0
278_7_1,4.0
123_6_2,4.0
292_5_1,7.0
163_3_2,5.0
760_7_1,8.0
549_1_1,5.0
620_1_1,5.0
11_3_2,4.0
479_8_1,3.0
538_8_1,7.0
651_9_1,2.0
656_6_1,1.0
656_4_1,4.0
502_8_1,3.0
364_1_1,5.0
53_8_1,6.0
721_10_3,9.0
239_1_2,4.0
756_4_1,6.0
192_4_2,5.0
798_6_2,4.0
196_6_1,4.0
616_5_3,1.0
453_7_1,3.0
344_9_1,3.0
105_8_1,4.0
63_5_2,7.0
506_1_1,8.0
18_6_1,4.0
688_9_1,3.0
326_9_1,1.0
686_4_1,7.0
173_2_1,7.0
647_10_2,8.0
818_1_1,6.0
284_5_1,7.0
416_4_1,7.0
470_1_1,4.0
143_4_3,5.0
283_3_1,7.0
727_6_1,7.0
106_7_1,3.0
224_4_1,3.0
538_5_1,6.0
69_8_1,5.0
821_7_1,1.0
58_5_1,3.0
253_6_1,4.0
509_1_1,6.0
119_5_7,5.0
497_2_1,6.0
483_2_1,7.0
67_8_1,4.0
408_11_1,3.0
552_1_2,2.0
229_6_1,3.0
790_3_1,4.0
735_8_2,6.0
663_7_1,1.0
561_6_1,4.0
201_3_1,6.0
280_8_1,9.0
80_9_1,2.0
805_11_2,4.0
121_12_1,3.0
704_4_1,6.0
16_4_2,8.0
211_4_1,4.0
282_2_1,8.0
574_2_1,7.0
745_2_1,3.0
134_7_2,1.0
20_4_1,3.0
288_2_1,2.0
550_2_2,4.0
565_2_1,4.0
137_3_1,6.0
755_1_2,5.0
291_1_2,6.0
368_10_1,1.0
705_1_1,5.0
37_1_1,1.0
117_3_1,5.0
364_7_2,5.0
534_4_1,4.0
647_4_2,5.0
361_8_1,6.0
746_7_2,5.0
497_4_1,6.0
407_2_2,8.0
756_12_3,6.0
376_2_1,5.0
618_5_1,3.0
168_2_2,7.0
822_11_2,5.0
118_11_1,5.0
295_4_1,3.0
662_4_1,3.0
719_6_1,7.0
777_4_2,3.0
213_3_1,4.0
784_8_1,6.0
575_7_1,6.0
830_2_2,5.0
562_1_1,4.0
587_12_1,7.0
759_7_1,5.0
124_2_1,4.0
228_6_1,3.0
532_8_1,6.0
508_5_1,5.0
796_3_1,5.0
123_8_1,7.0
564_9_1,6.0
504_3_1,4.0
758_11_2,7.0
829_7_2,6.0
597_7_1,5.0
704_6_2,5.0
185_2_1,1.0
763_7_1,3.0
710_2_1,6.0
733_6_2,1.0
283_4_1,8.0
661_5_1,2.0
183_2_1,5.0
445_7_2,8.0
175_5_1,1.0
34_1_1,3.0
444_6_1,8.0
444_5_1,7.0
344_8_1,5.0
518_8_1,8.0
337_9_1,5.0
760_12_1,8.0
597_6_1,4.0
497_7_1,8.0
117_2_2,6.0
587_1_1,6.0
650_3_1,4.0
301_3_1,5.0
273_4_1,4.0
602_3_1,5.0
465_1_1,3.0
31_7_1,5.0
200_4_1,4.0
220_7_1,5.0
811_5_1,5.0
561_9_1,4.0
116_7_1,7.0
513_4_1,7.0
615_8_2,6.0
34_5_1,3.0
84_6_1,3.0
795_5_1,5.0
833_6_1,4.0
239_8_1,5.0
680_7_2,3.0
704_11_2,4.0
145_1_1,5.0
765_8_2,6.0
698_5_2,6.0
802_9_2,5.0
625_9_1,4.0
338_2_1,3.0
325_1_1,5.0
705_2_2,6.0
223_6_1,3.0
302_9_1,4.0
377_7_2,2.0
728_3_1,6.0
289_5_1,2.0
539_7_1,8.0
462_4_1,2.0
86_8_1,3.0
240_5_1,4.0
784_7_1,8.0
77_6_1,3.0
594_8_1,4.0
385_2_2,3.0
572_1_1,2.0
401_2_1,4.0
284_6_1,6.0
800_2_2,3.0
317_8_1,4.0
5_9_1,4.0
238_3_1,4.0
207_2_1,5.0
525_5_1,5.0
33_3_1,3.0
366_7_1,6.0
305_6_1,7.0
106_11_1,2.0
353_9_1,5.0
611_8_1,2.0
418_6_1,2.0
441_7_1,6.0
707_2_2,4.0
695_1_1,4.0
539_4_1,7.0
155_2_2,7.0
141_11_1,5.0
286_10_1,5.0
247_2_1,1.0
70_7_1,5.0
114_1_1,6.0
327_11_1,4.0
394_1_2,5.0
459_9_1,6.0
61_5_1,5.0
277_7_1,3.0
166_1_1,3.0
514_2_1,6.0
320_7_1,6.0
1_12_1,4.0
458_4_1,1.0
290_7_1,2.0
706_7_1,4.0
609_6_1,4.0
624_8_1,6.0
732_2_1,8.0
182_3_2,1.0
151_2_2,6.0
304_5_1,8.0
332_2_1,2.0
227_8_2,5.0
682_9_1,6.0
341_8_1,4.0
97_6_1,2.0
285_4_1,7.0
127_6_1,4.0
755_7_1,1.0
397_3_1,6.0
134_4_2,3.0
250_1_1,4.0
160_6_3,5.0
223_8_1,4.0
795_4_1,5.0
56_9_1,6.0
111_1_1,6.0
567_1_1,4.0
484_7_3,7.0
743_8_2,1.0
342_1_2,3.0
382_2_3,4.0
707_5_1,7.0
98_7_1,3.0
332_5_1,4.0
810_6_1,6.0
219_6_1,4.0
266_10_1,5.0
283_6_1,7.0
350_1_1,6.0
304_1_1,8.0
814_3_2,3.0
718_7_2,5.0
111_6_1,8.0
673_3_2,4.0
137_5_1,2.0
604_1_1,3.0
573_8_1,2.0
67_7_1,6.0
709_8_1,6.0
305_11_1,5.0
676_3_2,6.0
613_6_1,5.0
327_3_1,2.0
683_7_1,5.0
287_5_1,6.0
216_8_1,4.0
77_4_1,3.0
466_3_1,2.0
72_3_1,4.0
248_8_1,6.0
165_6_1,4.0
43_10_1,4.0
74_5_1,3.0
650_2_1,5.0
469_12_2,5.0
80_5_1,3.0
55_3_1,7.0
238_8_2,4.0
403_1_2,6.0
13_2_1,8.0
502_5_1,4.0
521_7_1,6.0
632_11_1,3.0
794_5_1,5.0
259_11_1,6.0
193_4_1,3.0
449_8_2,9.0
495_4_1,7.0
575_1_1,5.0
457_2_1,6.0
672_6_1,5.0
693_8_1,4.0
190_7_1,4.0
121_10_1,1.0
733_3_2,1.0
67_1_1,6.0
23_1_1,3.0
459_10_1,5.0
309_11_1,4.0
628_9_1,6.0
262_5_1,6.0
376_3_2,4.0
714_1_1,2.0
429_3_1,5.0
72_5_1,7.0
718_1_1,5.0
504_6_1,6.0
75_1_1,3.0
692_2_2,5.0
383_8_1,3.0
526_3_1,4.0
297_11_1,4.0
384_3_1,3.0
782_3_1,3.0
602_11_1,4.0
473_7_2,3.0
649_5_1,5.0
683_4_1,5.0
277_2_1,6.0
742_4_1,4.0
312_8_1,5.0
556_1_1,8.0
48_9_1,4.0
107_6_1,3.0
236_1_3,2.0
47_3_1,3.0
243_5_1,2.0
588_6_1,1.0
723_12_4,6.0
719_2_1,9.0
459_11_1,5.0
829_3_2,5.0
457_10_1,5.0
139_2_1,2.0
259_7_1,4.0
296_5_1,5.0
809_2_2,5.0
168_1_2,7.0
274_7_1,6.0
764_12_2,5.0
517_1_1,6.0
751_2_1,5.0
468_4_1,5.0
584_5_1,4.0
281_11_1,6.0
572_9_2,7.0
576_6_2,4.0
808_3_1,3.0
147_5_1,5.0
410_5_1,5.0
480_2_1,5.0
541_1_1,2.0
251_3_1,3.0
178_7_2,2.0
336_9_1,5.0
747_9_2,5.0
449_10_2,8.0
513_2_1,6.0
779_5_1,5.0
691_8_1,4.0
451_7_1,1.0
184_2_1,1.0
110_3_2,4.0
288_7_1,3.0
491_3_1,5.0
331_6_1,6.0
510_7_1,7.0
722_1_1,4.0
157_5_1,4.0
513_6_1,7.0
106_1_1,1.0
588_1_1,1.0
73_6_1,7.0
26_5_1,5.0
476_2_1,3.0
206_2_1,5.0
252_9_1,4.0
407_9_4,9.0
511_10_1,6.0
550_4_2,3.0
114_4_1,10.0
79_8_1,4.0
696_4_1,3.0
560_1_1,4.0
247_12_1,3.0
21_3_1,3.0
598_9_1,7.0
567_3_1,8.0
748_8_2,4.0
543_4_3,3.0
78_2_1,3.0
110_4_1,8.0
179_11_2,3.0
372_11_1,8.0
576_8_1,6.0
69_4_1,5.0
614_8_1,2.0
757_7_2,5.0
702_2_1,7.0
452_8_1,6.0
653_2_1,3.0
24_4_1,4.0
430_8_1,3.0
232_4_1,4.0
528_2_1,4.0
680_6_1,5.0
358_2_1,3.0
233_10_5,4.0
333_6_1,6.0
424_3_1,6.0
765_7_1,6.0
81_1_1,4.0
550_1_1,4.0
127_3_1,4.0
421_8_1,6.0
815_2_1,6.0
80_6_1,4.0
417_5_1,3.0
682_1_1,5.0
457_11_1,6.0
626_5_2,6.0
289_6_1,1.0
579_10_1,1.0
394_3_1,2.0
548_6_1,4.0
263_2_1,5.0
251_5_1,3.0
245_9_1,4.0
489_1_1,5.0
172_5_2,6.0
770_6_2,7.0
116_2_1,6.0
762_3_2,5.0
69_3_1,1.0
182_2_1,2.0
592_9_1,7.0
351_6_1,5.0
327_6_1,3.0
238_5_1,5.0
656_7_1,1.0
345_9_1,4.0
254_7_1,4.0
677_10_2,7.0
288_11_1,3.0
236_7_1,4.0
806_10_1,3.0
206_3_1,7.0
122_11_1,4.0
801_7_1,4.0
263_3_1,5.0
724_6_1,7.0
636_4_1,7.0
793_7_2,4.0
829_4_4,6.0
105_5_1,5.0
435_1_1,3.0
76_2_1,3.0
274_2_1,5.0
493_8_1,6.0
662_9_1,3.0
272_5_1,4.0
716_2_1,7.0
198_8_2,7.0
709_7_1,5.0
50_8_1,5.0
252_4_1,5.0
801_6_1,5.0
161_5_1,4.0
608_11_1,3.0
230_6_1,4.0
128_5_1,3.0
166_7_1,8.0
514_3_1,6.0
60_4_1,4.0
352_4_1,2.0
625_3_1,2.0
207_4_1,2.0
819_1_1,6.0
712_3_1,6.0
317_2_1,4.0
151_8_2,8.0
640_10_1,6.0
523_6_1,4.0
109_4_1,6.0
372_12_1,5.0
68_8_1,6.0
142_6_2,6.0
808_10_2,3.0
424_9_2,5.0
598_8_1,5.0
371_4_1,2.0
408_6_1,6.0
539_8_2,6.0
824_4_3,7.0
324_1_1,4.0
352_8_1,5.0
646_6_3,3.0
722_2_1,4.0
449_5_2,8.0
781_5_1,4.0
709_2_3,8.0
329_9_1,2.0
667_5_1,1.0
655_1_1,3.0
136_1_1,2.0
261_9_1,8.0
307_10_1,6.0
254_1_1,3.0
639_8_2,8.0
29_3_1,4.0
127_9_1,3.0
242_3_2,6.0
795_3_1,6.0
176_6_4,4.0
273_5_1,4.0
88_2_1,4.0
141_7_2,5.0
488_1_1,4.0
223_3_1,4.0
530_1_1,5.0
330_4_1,2.0
437_3_1,5.0
130_10_1,7.0
283_2_1,8.0
814_1_2,4.0
825_3_2,5.0
40_2_1,5.0
332_3_1,4.0
286_4_1,5.0
596_5_1,8.0
319_6_1,5.0
271_1_2,6.0
393_3_1,5.0
804_5_1,5.0
497_1_1,6.0
179_8_1,1.0
590_6_2,6.0
316_3_1,4.0
661_3_1,2.0
694_7_2,5.0
57_1_1,5.0
814_7_2,4.0
161_6_2,2.0
467_2_1,4.0
46_2_1,4.0
671_6_1,2.0
752_6_1,7.0
308_8_1,2.0
3_9_1,3.0
259_5_1,4.0
207_6_1,5.0
88_7_1,3.0
602_10_1,5.0
344_1_1,4.0
173_1_2,6.0
677_7_1,5.0
309_9_1,6.0
470_4_1,3.0
291_7_1,5.0
58_6_1,3.0
524_1_1,5.0
511_4_1,6.0
186_7_1,2.0
460_11_1,6.0
36_3_1,4.0
443_3_1,4.0
584_3_2,1.0
323_9_1,9.0
172_1_2,5.0
557_8_1,4.0
75_6_1,3.0
795_1_1,6.0
828_8_2,5.0
818_7_2,5.0
541_8_1,3.0
434_8_1,3.0
606_6_1,3.0
374_8_2,4.0
741_3_1,3.0
319_2_1,4.0
618_12_1,3.0
610_1_1,3.0
509_4_1,7.0
499_7_1,6.0
806_5_1,3.0
86_6_1,5.0
529_10_1,6.0
406_6_1,6.0
645_2_1,7.0
511_5_1,6.0
355_7_1,6.0
463_3_1,6.0
506_2_1,6.0
279_8_1,8.0
608_3_1,5.0
291_2_2,2.0
66_2_1,7.0
66_3_1,6.0
650_9_1,4.0
786_4_3,4.0
670_5_3,3.0
628_5_1,6.0
98_6_1,4.0
651_8_1,3.0
812_4_1,4.0
82_5_1,4.0
621_1_1,5.0
275_6_1,7.0
47_2_1,4.0
527_10_1,4.0
48_2_1,4.0
278_2_1,4.0
774_1_2,1.0
202_7_1,7.0
747_12_1,2.0
455_3_1,6.0
121_4_5,4.0
750_3_1,5.0
782_5_2,3.0
634_9_1,4.0
45_10_1,4.0
481_1_2,8.0
555_8_2,3.0
156_8_1,5.0
579_12_1,1.0
462_8_7,4.0
704_1_2,5.0
322_1_1,3.0
429_1_1,6.0
255_11_1,5.0
97_5_1,2.0
766_3_1,1.0
446_5_1,7.0
789_5_2,4.0
761_12_2,5.0
210_3_1,8.0
46_8_1,4.0
545_7_1,4.0
585_12_1,6.0
19_4_1,5.0
817_7_1,7.0
387_2_1,2.0
657_5_1,3.0
51_8_1,6.0
769_10_2,1.0
433_2_1,4.0
523_8_1,6.0
448_2_1,6.0
410_1_1,7.0
129_10_1,5.0
834_6_1,5.0
107_9_1,5.0
491_8_1,7.0
10_7_2,3.0
282_1_1,6.0
616_7_1,5.0
761_6_2,4.0
766_7_1,3.0
571_5_2,7.0
99_5_1,4.0
286_1_2,4.0
513_1_1,7.0
488_4_1,3.0
541_4_1,5.0
692_6_1,4.0
455_2_1,5.0
753_11_1,4.0
54_1_1,5.0
50_1_2,2.0
621_8_1,4.0
787_4_1,3.0
526_2_1,8.0
335_2_1,3.0
762_6_2,6.0
766_12_3,6.0
437_8_1,4.0
183_4_2,5.0
601_2_1,4.0
551_4_1,3.0
480_9_1,4.0
645_4_3,8.0
794_4_1,6.0
646_12_2,3.0
295_5_1,3.0
306_4_1,7.0
648_5_1,3.0
59_1_1,6.0
21_4_1,3.0
721_2_2,5.0
746_4_1,7.0
799_7_1,7.0
827_8_2,3.0
252_3_1,4.0
386_6_1,3.0
113_6_1,7.0
652_2_1,2.0
287_8_2,3.0
465_8_1,3.0
691_7_2,5.0
221_5_2,3.0
194_6_1,3.0
379_8_1,4.0
628_10_3,7.0
256_10_1,3.0
96_12_1,4.0
189_5_1,5.0
811_2_1,4.0
528_5_1,5.0
799_1_2,2.0
543_8_1,2.0
412_6_1,5.0
103_4_1,2.0
176_5_1,1.0
173_7_2,6.0
269_6_2,4.0
205_7_1,4.0
802_6_2,5.0
50_9_1,6.0
111_4_1,8.0
446_8_1,6.0
744_12_2,4.0
148_4_3,2.0
531_8_1,6.0
567_2_1,3.0
267_5_1,4.0
58_1_1,7.0
244_7_1,7.0
87_2_1,4.0
658_7_1,3.0
245_6_1,4.0
339_8_1,6.0
618_2_1,2.0
544_11_1,2.0
723_2_2,6.0
236_5_2,4.0
627_2_1,6.0
312_11_1,5.0
380_8_1,3.0
451_6_2,5.0
106_8_1,3.0
68_9_1,2.0
466_6_1,5.0
524_5_1,4.0
461_1_1,4.0
665_6_1,2.0
682_2_1,5.0
570_9_1,3.0
371_7_1,3.0
317_3_1,4.0
132_2_2,4.0
246_2_1,1.0
317_4_1,5.0
613_2_1,2.0
30_6_1,3.0
142_8_1,6.0
689_10_1,5.0
533_5_1,5.0
615_4_1,6.0
625_7_2,1.0
739_9_1,4.0
373_5_1,5.0
659_9_1,2.0
561_4_1,4.0
491_1_1,7.0
393_4_1,6.0
743_9_2,2.0
510_3_1,7.0
716_1_1,6.0
404_7_2,6.0
229_3_1,3.0
75_2_1,3.0
341_7_1,5.0
518_3_1,6.0
71_1_1,2.0
652_10_1,2.0
31_4_1,3.0
576_3_1,3.0
51_6_1,6.0
181_4_2,4.0
33_7_1,6.0
557_1_2,4.0
760_5_2,2.0
212_2_1,4.0
216_6_1,4.0
313_2_1,4.0
558_8_1,4.0
43_5_1,5.0
713_3_1,7.0
201_2_1,6.0
466_7_1,4.0
826_7_1,3.0
349_3_1,4.0
191_6_1,1.0
620_6_1,6.0
739_5_1,3.0
772_8_2,6.0
221_7_1,6.0
505_8_1,4.0
658_8_1,3.0
675_5_2,5.0
779_8_1,6.0
46_6_1,3.0
825_7_2,4.0
749_9_2,5.0
664_6_1,3.0
770_1_1,5.0
321_4_1,4.0
581_4_1,1.0
764_5_2,6.0
386_5_1,3.0
768_4_1,2.0
263_9_1,7.0
80_1_1,2.0
312_9_1,5.0
334_3_1,4.0
697_10_1,7.0
551_9_1,5.0
822_6_1,7.0
590_8_1,3.0
292_8_2,5.0
638_9_1,5.0
453_9_2,3.0
486_5_1,4.0
564_7_1,4.0
527_5_1,2.0
187_10_1,6.0
301_4_1,4.0
485_4_1,3.0
155_1_2,3.0
333_8_1,6.0
353_3_1,2.0
761_9_4,5.0
661_9_1,4.0
520_4_1,6.0
620_7_1,6.0
383_7_5,1.0
712_6_2,7.0
825_10_2,5.0
217_9_3,3.0
354_1_1,6.0
635_7_1,2.0
570_5_2,6.0
310_6_1,7.0
321_6_1,6.0
702_3_1,5.0
644_6_2,6.0
89_4_1,3.0
381_9_1,4.0
711_5_1,6.0
636_3_2,7.0
10_1_1,6.0
557_2_1,3.0
833_4_8,6.0
149_8_1,5.0
326_4_1,2.0
141_8_1,5.0
156_2_2,4.0
746_8_1,6.0
810_10_1,3.0
420_1_2,4.0
502_2_1,4.0
198_2_3,5.0
489_4_1,6.0
467_4_2,4.0
545_8_1,2.0
168_10_2,7.0
832_10_1,3.0
56_1_1,6.0
138_7_1,6.0
330_7_1,7.0
586_9_3,6.0
82_3_1,5.0
194_3_2,1.0
633_9_2,2.0
636_2_2,7.0
357_7_1,1.0
439_1_2,5.0
643_3_2,8.0
79_7_1,4.0
157_2_1,5.0
821_10_1,4.0
61_3_2,6.0
199_3_1,3.0
183_7_1,5.0
381_2_1,1.0
641_2_2,9.0
410_4_1,5.0
461_6_1,3.0
519_3_1,6.0
662_2_1,2.0
404_3_1,7.0
135_1_2,2.0
330_1_1,3.0
208_9_1,3.0
304_4_1,7.0
702_12_2,4.0
388_3_1,4.0
498_2_1,5.0
818_5_1,5.0
791_11_1,8.0
592_1_2,6.0
660_8_1,1.0
177_2_2,5.0
231_6_1,6.0
225_11_1,3.0
495_7_1,5.0
185_4_1,2.0
5_5_1,4.0
56_7_1,7.0
296_1_1,8.0
457_12_1,6.0
398_6_1,4.0
161_8_2,4.0
617_6_1,3.0
556_7_1,8.0
428_3_1,5.0
268_4_1,3.0
330_6_1,3.0
503_2_1,3.0
806_4_3,2.0
211_2_1,7.0
606_4_1,2.0
212_5_2,3.0
690_12_2,5.0
663_10_1,1.0
455_6_1,6.0
47_5_1,3.0
640_6_1,7.0
18_5_1,5.0
553_5_1,3.0
776_9_2,3.0
685_4_1,5.0
90_3_1,5.0
399_7_1,3.0
766_8_2,7.0
555_1_1,3.0
582_5_2,8.0
51_7_1,7.0
3_7_2,5.0
126_5_2,5.0
302_7_1,3.0
319_4_1,9.0
299_10_1,10.0
669_10_2,3.0
6_4_1,8.0
354_11_1,7.0
422_5_1,5.0
378_10_2,2.0
421_6_1,6.0
551_1_1,1.0
2_5_1,2.0
148_2_2,2.0
244_4_1,4.0
313_8_1,5.0
359_1_1,4.0
484_4_1,6.0
129_4_1,5.0
482_2_2,5.0
374_7_1,4.0
121_3_1,5.0
362_3_2,4.0
378_1_2,2.0
418_5_1,4.0
588_5_1,1.0
92_9_1,5.0
551_3_1,2.0
181_2_2,2.0
360_5_1,3.0
499_4_1,4.0
115_9_1,5.0
695_7_1,3.0
512_3_1,7.0
770_3_2,2.0
678_4_2,4.0
347_6_2,3.0
204_1_1,4.0
797_1_2,6.0
103_6_1,3.0
171_10_1,7.0
465_2_1,4.0
749_1_2,4.0
107_4_2,3.0
126_1_1,5.0
619_7_1,5.0
515_4_2,5.0
205_6_1,5.0
209_4_3,4.0
574_9_1,5.0
397_9_1,4.0
634_3_1,4.0
169_7_4,7.0
651_3_1,3.0
404_8_2,5.0
585_8_2,5.0
819_9_1,8.0
405_2_2,6.0
724_4_1,2.0
88_9_1,5.0
664_7_1,2.0
412_5_1,6.0
460_3_1,7.0
302_3_1,5.0
166_8_1,5.0
776_5_2,7.0
683_8_1,4.0
556_2_1,3.0
696_7_1,4.0
124_3_1,6.0
756_5_1,6.0
808_4_2,7.0
690_9_1,5.0
507_3_1,5.0
436_9_1,4.0
310_5_1,5.0
485_3_1,4.0
150_10_1,5.0
523_7_1,5.0
190_8_1,7.0
691_5_2,7.0
225_12_1,1.0
127_10_1,5.0
17_1_1,2.0
171_7_1,7.0
641_3_1,5.0
559_8_1,4.0
112_5_1,6.0
350_3_1,8.0
794_2_1,5.0
551_6_1,4.0
794_9_1,5.0
715_1_1,5.0
407_4_2,2.0
152_1_1,5.0
484_9_2,9.0
815_5_1,5.0
509_3_1,7.0
713_4_3,7.0
155_8_2,5.0
287_4_2,2.0
343_7_1,5.0
35_4_1,5.0
574_3_1,5.0
130_5_2,6.0
154_6_1,7.0
127_1_1,2.0
479_6_1,3.0
317_7_1,4.0
537_7_1,5.0
133_3_2,2.0
618_8_1,3.0
36_2_1,3.0
131_5_1,6.0
165_5_1,2.0
122_1_1,4.0
298_7_1,5.0
665_3_1,3.0
243_6_1,4.0
598_4_1,4.0
160_3_1,5.0
78_4_1,3.0
605_8_1,5.0
218_7_1,4.0
174_7_2,3.0
678_8_2,6.0
198_4_3,5.0
207_8_1,4.0
447_2_2,8.0
295_2_1,4.0
277_9_1,7.0
829_10_1,6.0
398_5_1,6.0
400_4_1,4.0
164_4_2,3.0
72_8_1,5.0
296_2_1,6.0
161_1_1,4.0
678_3_2,5.0
690_5_2,5.0
250_5_1,4.0
331_1_1,4.0
34_6_1,2.0
79_6_1,5.0
804_3_1,6.0
386_3_1,2.0
434_6_1,7.0
727_7_1,8.0
550_6_2,7.0
504_1_1,3.0
790_5_2,5.0
256_12_1,3.0
545_6_1,4.0
654_8_1,2.0
265_3_1,5.0
4_6_1,3.0
256_2_1,3.0
492_2_1,7.0
814_6_1,3.0
403_2_2,9.0
477_9_1,5.0
17_2_1,3.0
617_9_1,5.0
819_2_2,7.0
576_1_1,3.0
2_7_1,4.0
715_2_1,5.0
560_6_1,4.0
191_8_2,2.0
296_10_1,5.0
582_2_1,4.0
382_7_1,2.0
501_7_1,3.0
293_6_1,2.0
47_7_1,2.0
644_7_1,7.0
716_6_1,6.0
118_5_2,3.0
798_7_2,5.0
572_8_1,7.0
269_5_1,5.0
450_1_1,3.0
756_11_4,6.0
788_4_2,5.0
454_1_1,4.0
67_3_1,3.0
465_4_1,4.0
592_7_2,6.0
159_6_1,5.0
536_3_1,3.0
175_4_2,5.0
502_4_1,3.0
549_9_1,4.0
225_10_1,4.0
373_6_1,4.0
181_3_1,4.0
623_6_1,7.0
813_2_2,5.0
477_5_1,4.0
160_2_1,6.0
589_1_1,2.0
215_1_1,3.0
120_5_1,4.0
778_6_1,7.0
666_3_1,2.0
736_12_2,4.0
765_9_2,4.0
51_4_1,3.0
260_2_1,5.0
792_7_2,6.0
248_5_1,8.0
20_8_1,3.0
487_2_1,3.0
113_9_1,4.0
45_1_1,3.0
568_7_1,5.0
517_4_1,4.0
95_3_1,4.0
372_8_1,5.0
830_10_1,5.0
366_2_1,3.0
39_8_1,1.0
581_8_1,1.0
83_6_1,5.0
249_10_1,3.0
459_3_1,5.0
39_3_1,3.0
293_1_1,2.0
599_8_1,6.0
295_6_1,5.0
463_8_2,7.0
476_6_2,4.0
241_8_1,3.0
730_12_4,8.0
429_5_1,5.0
94_6_1,5.0
455_10_1,3.0
606_7_1,4.0
159_3_1,5.0
644_1_1,6.0
736_9_1,4.0
450_5_2,5.0
267_9_1,4.0
514_7_1,7.0
65_4_2,6.0
745_4_1,2.0
52_2_1,3.0
622_1_1,7.0
831_5_2,5.0
825_4_2,3.0
722_5_1,5.0
26_8_1,5.0
58_3_1,8.0
257_12_1,4.0
304_11_1,8.0
32_4_1,5.0
712_1_1,6.0
139_4_1,5.0
711_1_1,6.0
215_2_1,3.0
490_2_2,7.0
90_4_1,3.0
70_1_1,2.0
180_11_2,1.0
284_11_1,8.0
394_2_2,3.0
796_8_1,5.0
241_6_1,6.0
80_3_1,2.0
40_5_1,6.0
783_3_1,7.0
54_5_1,4.0
618_9_1,3.0
14_2_1,3.0
381_4_1,6.0
530_11_1,7.0
272_3_1,6.0
214_8_2,5.0
12_2_2,7.0
281_3_1,8.0
397_10_1,6.0
622_4_1,7.0
244_6_1,5.0
506_6_1,6.0
357_2_1,2.0
1_3_1,4.0
543_3_1,3.0
117_11_1,6.0
713_12_2,4.0
341_2_1,4.0
74_9_1,2.0
625_6_3,1.0
368_2_1,3.0
307_2_1,6.0
198_1_2,7.0
706_4_2,5.0
27_6_1,3.0
98_4_1,3.0
438_5_1,6.0
654_2_1,5.0
256_6_1,4.0
755_11_1,1.0
196_8_3,4.0
21_6_2,3.0
588_11_1,1.0
446_9_2,8.0
638_3_5,8.0
793_3_2,3.0
252_7_1,4.0
35_2_1,5.0
483_6_2,9.0
522_2_1,6.0
665_4_1,3.0
474_6_2,7.0
50_4_1,6.0
73_8_1,4.0
832_6_1,7.0
773_3_2,4.0
798_1_2,5.0
66_1_1,3.0
221_4_1,3.0
235_4_1,4.0
496_7_1,7.0
419_5_1,5.0
282_7_1,7.0
404_2_3,8.0
66_8_1,4.0
369_6_1,5.0
560_3_1,4.0
488_6_1,4.0
87_5_1,4.0
788_5_1,6.0
556_6_1,3.0
455_4_1,5.0
132_4_1,2.0
74_8_1,3.0
65_9_1,6.0
423_6_1,5.0
460_7_1,5.0
687_3_2,5.0
201_8_1,3.0
452_4_1,6.0
796_4_1,5.0
227_2_1,3.0
99_8_1,6.0
100_1_1,3.0
685_12_1,5.0
232_8_1,4.0
248_9_1,2.0
405_3_1,7.0
450_10_1,5.0
117_8_1,6.0
496_5_1,6.0
619_11_1,7.0
774_6_2,3.0
523_5_1,4.0
504_4_1,4.0
515_6_1,5.0
124_6_1,5.0
650_7_1,4.0
432_8_1,4.0
761_8_2,4.0
473_6_2,5.0
753_6_1,7.0
387_7_1,2.0
395_5_2,3.0
401_3_1,3.0
692_1_1,4.0
138_5_1,6.0
692_8_1,5.0
356_6_1,3.0
111_11_1,3.0
823_6_1,2.0
646_8_1,5.0
65_5_1,5.0
769_6_2,3.0
605_5_1,3.0
182_6_1,1.0
445_3_2,7.0
452_3_2,5.0
584_4_2,6.0
314_4_1,5.0
375_5_2,6.0
501_1_1,3.0
790_7_2,6.0
114_5_1,8.0
4_7_1,6.0
314_5_1,5.0
304_7_1,4.0
96_3_1,4.0
469_6_2,3.0
602_7_1,5.0
36_5_1,4.0
86_7_1,4.0
770_8_1,1.0
295_3_1,3.0
670_7_1,5.0
716_4_1,8.0
3_8_1,5.0
345_3_1,4.0
111_9_1,7.0
115_10_1,5.0
131_2_2,4.0
661_4_1,2.0
159_2_1,5.0
573_5_1,6.0
721_7_1,2.0
35_6_1,5.0
261_8_1,6.0
156_6_2,3.0
298_8_1,4.0
72_4_1,4.0
180_6_1,5.0
488_11_1,3.0
156_9_1,7.0
586_6_1,5.0
441_9_2,5.0
315_4_1,3.0
126_9_1,6.0
597_4_1,4.0
569_2_1,6.0
627_10_1,1.0
722_4_2,6.0
259_2_1,2.0
820_5_2,7.0
212_3_1,5.0
719_7_1,7.0
249_5_1,3.0
37_7_1,6.0
194_4_5,5.0
252_6_1,5.0
74_6_1,3.0
417_3_1,2.0
301_6_1,3.0
267_4_1,5.0
500_9_1,4.0
729_8_1,8.0
468_9_1,6.0
439_7_2,4.0
341_1_1,4.0
566_3_1,8.0
799_3_5,4.0
760_3_2,5.0
70_5_1,5.0
600_5_1,6.0
309_10_1,2.0
468_5_1,1.0
536_8_1,7.0
686_7_1,7.0
215_6_1,5.0
326_7_1,2.0
688_1_2,6.0
214_2_1,6.0
268_7_1,4.0
406_1_2,7.0
299_1_1,4.0
540_1_1,1.0
161_7_1,2.0
710_1_1,8.0
773_2_1,3.0
492_4_1,7.0
630_10_2,3.0
199_12_1,8.0
738_2_2,5.0
271_4_1,4.0
300_7_1,2.0
40_6_1,5.0
748_2_2,5.0
390_1_1,4.0
737_4_3,1.0
505_7_1,5.0
100_4_1,4.0
378_6_2,2.0
214_11_1,6.0
424_6_1,6.0
5_6_1,8.0
569_9_1,7.0
115_5_1,6.0
497_6_1,7.0
517_7_1,6.0
122_14_1,4.0
123_12_1,4.0
681_1_1,5.0
178_3_2,9.0
196_1_1,5.0
518_1_1,5.0
664_10_1,3.0
534_3_1,5.0
170_4_1,8.0
780_9_1,4.0
791_1_1,6.0
124_5_1,6.0
336_4_2,5.0
632_2_2,5.0
206_1_1,3.0
162_3_1,3.0
461_3_1,4.0
173_5_2,6.0
242_8_1,5.0
585_6_1,5.0
701_6_1,6.0
396_2_1,3.0
254_9_1,5.0
112_9_1,6.0
610_7_1,3.0
509_7_1,3.0
533_1_1,5.0
1_5_1,6.0
264_11_1,6.0
107_2_1,3.0
343_4_1,4.0
309_5_1,6.0
240_4_2,5.0
200_6_1,3.0
240_3_1,5.0
785_5_2,7.0
343_3_1,6.0
91_7_1,3.0
7_7_1,4.0
225_7_1,5.0
481_7_1,7.0
320_5_1,4.0
351_2_1,1.0
118_1_2,7.0
687_9_4,6.0
104_1_1,2.0
541_3_3,6.0
426_3_1,6.0
174_6_1,7.0
446_7_1,5.0
111_7_1,8.0
609_8_1,4.0
234_8_2,3.0
2_4_1,7.0
428_1_2,6.0
183_8_2,5.0
101_7_1,5.0
679_8_2,6.0
655_5_1,2.0
509_6_1,8.0
264_10_2,4.0
709_5_2,7.0
827_6_1,7.0
280_4_1,7.0
121_6_1,2.0
562_9_1,6.0
330_2_1,2.0
89_1_1,5.0
54_10_1,5.0
549_7_1,4.0
19_2_1,3.0
255_7_1,5.0
699_10_1,5.0
146_7_1,7.0
438_10_2,8.0
257_4_1,4.0
471_2_2,7.0
329_2_1,2.0
561_7_1,4.0
555_5_1,3.0
664_2_1,2.0
752_7_1,4.0
546_3_1,4.0
304_3_1,8.0
158_7_2,2.0
222_4_1,5.0
440_1_1,5.0
34_8_1,3.0
600_2_1,8.0
831_2_1,4.0
31_5_1,4.0
809_5_2,6.0
572_7_2,6.0
255_6_1,5.0
768_8_1,2.0
740_10_2,3.0
102_6_1,5.0
477_4_3,4.0
677_1_2,6.0
226_6_1,1.0
708_3_1,3.0
544_5_1,1.0
308_9_1,7.0
69_2_1,2.0
406_3_1,8.0
93_4_1,4.0
39_7_1,4.0
441_3_1,3.0
142_5_1,6.0
821_8_1,4.0
515_1_2,5.0
347_3_1,3.0
116_1_1,6.0
449_7_1,9.0
496_1_1,6.0
5_8_1,2.0
558_6_1,4.0
535_10_1,4.0
374_1_2,7.0
832_12_2,5.0
334_5_1,4.0
404_1_1,7.0
148_7_1,3.0
77_8_1,4.0
824_6_1,7.0
184_4_1,2.0
563_3_1,4.0
381_5_1,7.0
117_10_1,6.0
303_6_1,3.0
636_7_2,8.0
752_2_1,5.0
675_7_2,7.0
603_10_1,2.0
104_3_1,4.0
191_3_2,3.0
367_4_1,3.0
530_2_1,5.0
79_5_1,5.0
554_9_1,8.0
482_8_1,7.0
49_7_1,3.0
544_4_2,2.0
813_5_1,6.0
499_9_1,3.0
51_1_1,6.0
601_12_1,5.0
643_1_1,7.0
673_5_2,5.0
421_1_1,3.0
6_9_1,5.0
800_3_2,4.0
822_4_2,7.0
456_5_3,5.0
466_8_1,2.0
809_11_1,5.0
303_8_1,3.0
219_7_1,5.0
806_8_1,3.0
683_2_1,5.0
508_9_1,3.0
43_3_1,6.0
27_8_1,2.0
459_1_1,7.0
168_7_1,7.0
762_5_2,5.0
487_8_2,3.0
456_2_1,7.0
42_2_1,4.0
655_8_1,2.0
376_6_2,3.0
796_9_1,5.0
390_5_1,2.0
807_1_2,4.0
291_4_2,7.0
525_8_1,3.0
444_7_2,7.0
183_3_2,7.0
22_4_1,3.0
526_5_1,2.0
698_2_2,7.0
447_3_2,7.0
529_7_1,6.0
645_12_1,6.0
680_3_2,7.0
687_2_4,6.0
118_4_2,2.0
8_6_1,4.0
156_1_1,2.0
643_2_1,8.0
730_6_2,8.0
266_3_1,5.0
191_7_2,2.0
20_2_1,5.0
61_2_1,6.0
558_7_1,5.0
491_2_1,7.0
221_3_2,2.0
94_7_1,3.0
224_2_1,3.0
563_7_1,4.0
607_8_1,3.0
340_1_1,3.0
673_7_2,4.0
525_3_1,7.0
167_6_1,6.0
741_7_2,7.0
357_10_1,2.0
24_3_1,2.0
143_1_2,1.0
258_6_1,3.0
833_5_2,4.0
19_5_1,4.0
516_6_1,4.0
612_3_1,1.0
421_5_1,6.0
599_6_1,9.0
359_4_1,5.0
473_2_1,4.0
174_3_1,3.0
788_2_1,4.0
705_8_1,6.0
454_7_1,2.0
817_3_2,4.0
600_7_1,8.0
379_7_1,1.0
372_6_1,8.0
724_5_1,8.0
214_7_1,3.0
370_3_1,2.0
57_8_1,5.0
77_3_1,4.0
534_1_1,5.0
604_4_1,5.0
778_5_1,8.0
260_6_1,7.0
507_6_1,5.0
677_9_2,5.0
203_8_2,3.0
586_8_1,5.0
730_1_2,5.0
6_2_1,6.0
262_3_1,4.0
491_6_1,7.0
273_1_1,5.0
10_3_1,4.0
667_2_1,5.0
823_3_1,6.0
333_4_1,3.0
398_7_1,4.0
260_8_1,6.0
56_2_1,5.0
257_7_1,4.0
318_8_1,2.0
163_6_2,5.0
429_8_1,5.0
164_1_1,2.0
30_5_1,6.0
694_10_1,3.0
326_1_1,2.0
578_2_1,6.0
322_8_1,1.0
411_2_1,5.0
399_5_1,2.0
495_3_1,6.0
347_2_1,5.0
605_3_1,4.0
529_1_1,5.0
264_6_1,4.0
336_1_2,5.0
346_3_1,3.0
587_2_2,8.0
174_4_6,4.0
782_7_1,5.0
754_3_1,2.0
819_6_2,6.0
626_3_2,4.0
160_8_1,4.0
743_11_1,3.0
817_6_2,4.0
195_5_1,3.0
753_8_2,3.0
399_9_1,4.0
571_8_1,3.0
601_5_1,4.0
782_1_1,2.0
606_3_1,5.0
450_4_1,4.0
